Name   , Term                                                                                                         , ES                  , NES                , NOM p-val           , FDR q-val          , FWER p-val, Tag % , Gene %, Lead_genes
prerank, KEGG_2021_Human__Pathogenic Escherichia coli infection                                                       , 0.8152315029332216  , 1.6979033504156282 , 0.0                 , 0.13178552635817914,      0.066, 7/18  , 11.45%, MAPK8;CYTH2;MAPK10;IKBKG;ARF6;NFKBIB;CLDN9
prerank, Reactome_2022__Oxidative Stress Induced Senescence R-HSA-2559580                                             , 0.7180041997259333  , 1.5518601458842274 , 0.02292768959435626 , 0.6969426874711397 ,      0.432, 6/20  , 13.41%, MAPK8;MAPK10;H2BC3;EZH2;H2BC17;TNRC6B
prerank, Reactome_2022__Cytokine Signaling In Immune System R-HSA-1280215                                             , 0.6257688638165709  , 1.5464430890633667 , 0.006493506493506494, 0.4988420084263127 ,      0.452, 19/42 , 25.28%, MAPK8;MAPK10;IKBKG;PPP2CA;AKT3;ALOX5;NFKBIB;PRKCD;INPPL1;KPNA5;ARIH1;UBE2V1;PPP2R1A;IFI6;IFNA16;IL10RB;PTPRJ;CCL5;H3C7
prerank, Reactome_2022__Signaling By Interleukins R-HSA-449147                                                        , 0.6676265658747039  , 1.5012661155702627 , 0.024390243902439025, 0.6215461603719892 ,      0.615, 9/25  , 17.45%, MAPK8;MAPK10;IKBKG;PPP2CA;ALOX5;NFKBIB;INPPL1;UBE2V1;PPP2R1A
prerank, KEGG_2021_Human__Shigellosis                                                                                 , 0.631311711349411   , 1.4734995067784844 , 0.0189328743545611  , 0.6576604632682209 ,      0.712, 14/31 , 16.44%, MAPK8;CYTH2;MAPK10;IKBKG;U2AF1L4;AKT3;H3C8;ARF6;NFKBIB;PRKCD;AKT1S1;H3C4;UBE2V1;H3C1
prerank, KEGG_2021_Human__Lipid and atherosclerosis                                                                   , 0.6852856764875352  , 1.4571612885056866 , 0.028622540250447227, 0.6403424934583319 ,      0.751, 4/20  , 5.22% , MAPK8;MAPK10;IKBKG;AKT3
prerank, Reactome_2022__Interferon Signaling R-HSA-913531                                                             , 0.7117344704874382  , 1.424721030155036  , 0.058922558922558925, 0.7407505135407542 ,      0.839, 5/15  , 21.36%, PRKCD;KPNA5;ARIH1;IFI6;IFNA16
prerank, Reactome_2022__DNA Repair R-HSA-73894                                                                        , 0.6153087000896885  , 1.4149116978162262 , 0.038461538461538464, 0.7051792828685259 ,      0.857, 8/28  , 12.82%, MAPK8;ERCC6;FANCL;H2BC3;MCRS1;CLSPN;H2BC17;POLR2E
prerank, KEGG_2021_Human__Coronavirus disease                                                                         , 0.6234135307360045  , 1.3949050307583553 , 0.07413793103448275 , 0.7374920801967333 ,      0.884, 7/26  , 11.04%, MAPK8;RPS7;MAPK10;IKBKG;RPS10;NFKBIB;C5AR1
prerank, KEGG_2021_Human__Herpes simplex virus 1 infection                                                            , 0.6703964595502558  , 1.382039613070219  , 0.08787346221441125 , 0.7309028038788243 ,      0.898, 3/17  , 5.22% , ZNF460;IKBKG;AKT3
prerank, KEGG_2021_Human__Viral carcinogenesis                                                                        , 0.5580654026649294  , 1.3656925875692452 , 0.06937394247038917 , 0.7490117940392315 ,      0.921, 8/36  , 10.92%, H4C8;H4C4;H4C13;IKBKG;REL;H2BC3;GTF2A1;H2BC17
prerank, Reactome_2022__HATs Acetylate Histones R-HSA-3214847                                                         , 0.6079465695039725  , 1.338288038873723  , 0.08666666666666667 , 0.8257714872764109 ,      0.949, 9/22  , 25.28%, H2BC3;MCRS1;H2BC17;MORF4L1;H2BC18;KAT6A;H2BC1;KAT6B;H3C7
prerank, KEGG_2021_Human__Transcriptional misregulation in cancer                                                     , 0.6651972810756959  , 1.3290129376620459 , 0.1295971978984238  , 0.8098181604909411 ,      0.959, 8/15  , 25.28%, REL;MLLT1;H3C8;H3C4;H3C1;PRCC;AFF1;H3C7
prerank, Reactome_2022__SARS-CoV-2-host Interactions R-HSA-9705683                                                    , 0.5907034126724435  , 1.326810442151282  , 0.1264957264957265  , 0.7644646673222397 ,      0.96 , 9/24  , 21.36%, RPS7;IKBKG;AKT3;MAP1LC3B;RPS10;UBE2V1;RPS14;RPSA;IFNA16
prerank, Reactome_2022__Epigenetic Regulation Of Gene Expression R-HSA-212165                                         , 0.6323210564053658  , 1.3141688872880153 , 0.12455516014234876 , 0.7722124977180228 ,      0.967, 5/17  , 12.82%, ERCC6;H2BC3;EZH2;H2BC17;POLR2E
prerank, Reactome_2022__Pre-NOTCH Expression And Processing R-HSA-1912422                                             , 0.6372594146160411  , 1.3090899197160515 , 0.12522045855379188 , 0.745966269692121  ,      0.967, 4/17  , 13.41%, RFNG;H2BC3;H2BC17;TNRC6B
prerank, KEGG_2021_Human__Ras signaling pathway                                                                       , 0.6363724922075505  , 1.290982790739422  , 0.13966480446927373 , 0.78273745038871   ,      0.977, 6/16  , 10.33%, MAPK8;MAPK10;IKBKG;REL;AKT3;ARF6
prerank, Reactome_2022__SARS-CoV Infections R-HSA-9679506                                                             , 0.5367535102891356  , 1.2841608999755163 , 0.11666666666666667 , 0.7708608512938363 ,      0.979, 11/34 , 21.36%, RPS7;PARP4;IKBKG;AKT3;MAP1LC3B;RPS10;REST;UBE2V1;RPS14;RPSA;IFNA16
prerank, Reactome_2022__Organelle Biogenesis And Maintenance R-HSA-1852241                                            , -0.6178231395340081 , -1.2833855523381799, 0.1564625850340136  , 1.0                ,      0.941, 5/15  , 13.53%, DYNC1H1;TRIP11;CRTC1;ATP5F1A;CLASP1
prerank, Reactome_2022__Cellular Senescence R-HSA-2559583                                                             , 0.5377979211610581  , 1.2780625616228072 , 0.11317567567567567 , 0.7575666973191079 ,      0.98 , 14/31 , 26.17%, MAPK8;MAPK10;H2BC3;CDC26;EZH2;H2BC17;TNRC6B;ANAPC15;HMGA1;H2BC1;ANAPC2;ANAPC11;H3C7;H1-4
prerank, Reactome_2022__SARS-CoV-2 Infection R-HSA-9694516                                                            , 0.5424243484805293  , 1.2731039064638472 , 0.12478920741989882 , 0.7416737363215602 ,      0.981, 10/31 , 21.36%, RPS7;PARP4;IKBKG;AKT3;MAP1LC3B;RPS10;UBE2V1;RPS14;RPSA;IFNA16
prerank, KEGG_2021_Human__Epstein-Barr virus infection                                                                , 0.6160223072969049  , 1.2633781357188925 , 0.15063520871143377 , 0.7455174808403404 ,      0.986, 5/18  , 10.45%, MAPK8;MAPK10;IKBKG;AKT3;NFKBIB
prerank, KEGG_2021_Human__Hepatitis B                                                                                 , 0.5990597291174189  , 1.261133882934228  , 0.15889464594127806 , 0.720442903709836  ,      0.986, 4/18  , 5.22% , MAPK8;MAPK10;IKBKG;AKT3
prerank, KEGG_2021_Human__Kaposi sarcoma-associated herpesvirus infection                                             , 0.5744971917248389  , 1.2580978798759663 , 0.15371024734982333 , 0.7018460787110552 ,      0.986, 4/22  , 5.22% , MAPK8;MAPK10;IKBKG;AKT3
prerank, Reactome_2022__Apoptosis R-HSA-109581                                                                        , 0.6065008345997462  , 1.2523327039022507 , 0.16608996539792387 , 0.6946195451795693 ,      0.989, 4/18  , 10.56%, MAPK8;AKT3;CLSPN;PRKCD
prerank, KEGG_2021_Human__Tight junction                                                                              , 0.6107705159726812  , 1.2475832722906597 , 0.17562724014336917 , 0.6836120746126009 ,      0.99 , 4/17  , 11.45%, MAPK8;MAPK10;PPP2CA;CLDN9
prerank, Reactome_2022__Cellular Responses To Stimuli R-HSA-8953897                                                   , 0.4555961170294187  , 1.2433178237852247 , 0.09395973154362416 , 0.6471476577467707 ,      0.99 , 16/77 , 15.13%, MAPK8;RNASE12;RPS7;MAPK10;AKT3;H2BC3;CDC26;EZH2;MAP1LC3B;RPS10;PRKCD;H2BC17;AKT1S1;TNRC6B;CHD9;ANAPC15
prerank, Reactome_2022__Cellular Responses To Stress R-HSA-2262752                                                    , 0.4555961170294187  , 1.2433178237852247 , 0.09395973154362416 , 0.6471476577467707 ,      0.99 , 16/77 , 15.13%, MAPK8;RNASE12;RPS7;MAPK10;AKT3;H2BC3;CDC26;EZH2;MAP1LC3B;RPS10;PRKCD;H2BC17;AKT1S1;TNRC6B;CHD9;ANAPC15
prerank, Reactome_2022__Diseases Of Signal Transduction By Growth Factor Receptors And Second Messengers R-HSA-5663202, -0.502179392863591  , -1.238294267583382 , 0.14386792452830188 , 1.0                ,      0.966, 9/34  , 12.88%, RNF213;MARK3;TRIP11;BRAF;PTEN;AKT1;NCSTN;VCL;AXIN1
prerank, Reactome_2022__Metabolism Of Amino Acids And Derivatives R-HSA-71291                                         , 0.5773834910431384  , 1.2354802806302958 , 0.17518248175182483 , 0.6516414127855156 ,      0.993, 6/21  , 21.13%, RNASE12;RPS7;RPS10;PDHA2;RPS14;RPSA
prerank, Reactome_2022__Mitotic Prophase R-HSA-68875                                                                  , 0.5803649816451771  , 1.2240561543869724 , 0.19310344827586207 , 0.6698514983656785 ,      0.996, 6/19  , 20.65%, PPP2CA;H2BC3;H2BC17;NEK7;PPP2R1A;H2BC1
prerank, Reactome_2022__Activation Of HOX Genes During Differentiation R-HSA-5619507                                  , 0.6013669883942976  , 1.220014473864175  , 0.20512820512820512 , 0.6613774909347337 ,      0.996, 4/15  , 12.82%, H2BC3;EZH2;H2BC17;POLR2E
prerank, Reactome_2022__Olfactory Signaling Pathway R-HSA-381753                                                      , 0.40259328677796136 , 1.2195739695884225 , 0.05864197530864197 , 0.6219025515189914 ,      0.996, 26/179, 10.39%, OR14C36;OR4C46;OR9G4;OR6T1;OR52E6;OR10H1;OR4C13;OR51A4;OR10H3;OR2B3;OR7A10;OR2A2;OR4B1;OR5F1;OR52R1;OR1L6;OR10P1;OR2K2;OR5C1;OR6K6;OR10T2;OR4D5;OR1J1;OR52D1;OR1N2;OR5M8
prerank, Reactome_2022__Expression And Translocation Of Olfactory Receptors R-HSA-9752946                             , 0.40259328677796136 , 1.2195739695884225 , 0.05864197530864197 , 0.6219025515189914 ,      0.996, 26/179, 10.39%, OR14C36;OR4C46;OR9G4;OR6T1;OR52E6;OR10H1;OR4C13;OR51A4;OR10H3;OR2B3;OR7A10;OR2A2;OR4B1;OR5F1;OR52R1;OR1L6;OR10P1;OR2K2;OR5C1;OR6K6;OR10T2;OR4D5;OR1J1;OR52D1;OR1N2;OR5M8
prerank, Reactome_2022__Sensory Perception R-HSA-9709957                                                              , 0.4019186965837999  , 1.217432103324931  , 0.05426356589147287 , 0.6103144393755534 ,      0.996, 26/181, 10.39%, OR14C36;OR4C46;OR9G4;OR6T1;OR52E6;OR10H1;OR4C13;OR51A4;OR10H3;OR2B3;OR7A10;OR2A2;OR4B1;OR5F1;OR52R1;OR1L6;OR10P1;OR2K2;OR5C1;OR6K6;OR10T2;OR4D5;OR1J1;OR52D1;OR1N2;OR5M8
prerank, KEGG_2021_Human__Human immunodeficiency virus 1 infection                                                    , 0.5626268323253356  , 1.2153834354781394 , 0.18505338078291814 , 0.5989607449384323 ,      0.996, 4/20  , 5.22% , MAPK8;MAPK10;IKBKG;AKT3
prerank, Reactome_2022__HDACs Deacetylate Histones R-HSA-3214815                                                      , 0.567097600340127   , 1.2129470825646045 , 0.20106761565836298 , 0.5894143871184496 ,      0.996, 6/20  , 20.65%, H2BC3;GPS2;H2BC17;REST;H2BC18;H2BC1
prerank, Reactome_2022__Infectious Disease R-HSA-5663205                                                              , 0.4354439345259401  , 1.2107534104443558 , 0.12111292962356793 , 0.5794480061186819 ,      0.996, 27/89 , 21.36%, MAPK8;RPS7;CHMP1A;MC5R;PARP4;IKBKG;AKT3;H2BC3;GTF2A1;EZH2;MAP1LC3B;RPS10;GPS2;H2BC17;KPNA5;POLR2E;REST;MVB12A;UBE2V1;H2BC18;DVL3;RPS14;HMGA1;GPHA2;H2BC1;RPSA;IFNA16
prerank, KEGG_2021_Human__Influenza A                                                                                 , 0.5838246817400915  , 1.2099011655497167 , 0.21465968586387435 , 0.5664928252314556 ,      0.996, 4/17  , 11.93%, IKBKG;AKT3;NFKBIB;KPNA5
prerank, Reactome_2022__Chromatin Modifying Enzymes R-HSA-3247509                                                     , 0.5241144760706794  , 1.208256175267883  , 0.1936026936026936  , 0.5562536349141667 ,      0.996, 11/28 , 23.32%, H2BC3;EZH2;MCRS1;GPS2;H2BC17;MORF4L1;REST;H2BC18;KAT6A;H2BC1;KAT6B
prerank, Reactome_2022__Gene Silencing By RNA R-HSA-211000                                                            , 0.575528123448979   , 1.1990329117047724 , 0.19107142857142856 , 0.5675615321559845 ,      0.996, 5/17  , 20.65%, H2BC3;H2BC17;POLR2E;TNRC6B;H2BC1
prerank, KEGG_2021_Human__Olfactory transduction                                                                      , 0.39452436434067906 , 1.1974481910147896 , 0.0703125           , 0.5580926965990486 ,      0.996, 26/185, 10.39%, OR14C36;OR4C46;OR9G4;OR6T1;OR52E6;OR10H1;OR4C13;OR51A4;OR10H3;OR2B3;OR7A10;OR2A2;OR4B1;OR5F1;OR52R1;OR1L6;OR10P1;OR2K2;OR5C1;OR6K6;OR10T2;OR4D5;OR1J1;OR52D1;OR1N2;OR5M8
prerank, Reactome_2022__HCMV Late Events R-HSA-9610379                                                                , 0.520423643161114   , 1.1510921883635754 , 0.25217391304347825 , 0.6870525916844095 ,      0.999, 6/22  , 20.65%, CHMP1A;H2BC3;H2BC17;MVB12A;H2BC18;H2BC1
prerank, KEGG_2021_Human__Dopaminergic synapse                                                                        , 0.5827492846932375  , 1.1491096244085341 , 0.27007299270072993 , 0.6776334528399047 ,      0.999, 4/15  , 5.22% , MAPK8;MAPK10;PPP2CA;AKT3
prerank, Reactome_2022__Cellular Response To Chemical Stress R-HSA-9711123                                            , 0.5727532861165102  , 1.1446626626827492 , 0.2819614711033275  , 0.6765206459312878 ,      0.999, 4/15  , 14.96%, AKT3;MAP1LC3B;PRKCD;CHD9
prerank, Reactome_2022__Signaling By Nuclear Receptors R-HSA-9006931                                                  , 0.4808415659336048  , 1.1282608740208528 , 0.24912280701754386 , 0.7152590324807118 ,      0.999, 9/31  , 15.55%, AKT3;H2BC3;GTF2A1;USF1;GPS2;H2BC17;POLR2E;TNRC6B;PDHA2
prerank, Reactome_2022__Estrogen-dependent Gene Expression R-HSA-9018519                                              , 0.5075423419486179  , 1.1265497671692246 , 0.2725694444444444  , 0.704179627700638  ,      0.999, 6/23  , 13.41%, H2BC3;GTF2A1;USF1;H2BC17;POLR2E;TNRC6B
prerank, KEGG_2021_Human__Cytokine-cytokine receptor interaction                                                      , 0.5502952462692557  , 1.1250323315217692 , 0.302536231884058   , 0.6935543890300745 ,      0.999, 6/17  , 25.10%, CXCL14;IFNE;IFNA16;IL10RB;CCL26;CCL5
prerank, KEGG_2021_Human__NOD-like receptor signaling pathway                                                         , 0.5129764163742261  , 1.1209459658617995 , 0.3127147766323024  , 0.6908494941493417 ,      0.999, 6/22  , 13.59%, MAPK8;MAPK10;IKBKG;NFKBIB;PRKCD;NEK7
prerank, Reactome_2022__Diseases Of Programmed Cell Death R-HSA-9645723                                               , 0.5517557275809827  , 1.1123844744959432 , 0.329136690647482   , 0.7023017543482851 ,      0.999, 3/15  , 10.92%, H2BC3;EZH2;H2BC17
prerank, Reactome_2022__Intra-Golgi And Retrograde Golgi-to-ER Traffic R-HSA-6811442                                  , -0.5328500855882207 , -1.104701829705615 , 0.3157894736842105  , 1.0                ,      0.998, 4/16  , 11.22%, DYNC1H1;TRIP11;ARF3;KIF21B
prerank, KEGG_2021_Human__cAMP signaling pathway                                                                      , 0.5393852613935283  , 1.1035272371882352 , 0.31956912028725315 , 0.7148899314453502 ,      0.999, 4/17  , 5.22% , MAPK8;MAPK10;GPR119;AKT3
prerank, Reactome_2022__Nonsense Mediated Decay (NMD) Enhanced By Exon Junction Complex (EJC) R-HSA-975957            , 0.5365705713773891  , 1.1003541751600114 , 0.33962264150943394 , 0.7110336014432835 ,      0.999, 7/17  , 21.13%, RPS7;PPP2CA;RPS10;PPP2R1A;SMG5;RPS14;RPSA
prerank, Reactome_2022__Gene Expression (Transcription) R-HSA-74160                                                   , 0.40423438070824896 , 1.097708893605495  , 0.25165562913907286 , 0.7041481555412513 ,      0.999, 21/79 , 20.65%, ZNF460;ERCC6;U2AF1L4;PPP2CA;AKT3;H2BC3;MLLT1;CDC26;GTF2A1;EZH2;GPS2;H2BC17;ATAD2;POLR2E;TNRC6B;MGA;ANAPC15;PPP2R1A;AFF4;KAT6A;H2BC1
prerank, Reactome_2022__Pre-NOTCH Transcription And Translation R-HSA-1912408                                         , 0.5460678486563509  , 1.0945801209480208 , 0.334525939177102   , 0.7002324519050069 ,      0.999, 5/15  , 25.28%, H2BC3;H2BC17;TNRC6B;H2BC1;H3C7
prerank, Reactome_2022__Developmental Biology R-HSA-1266738                                                           , 0.3749914186560016  , 1.0937085210911637 , 0.23222748815165878 , 0.6897461266159489 ,      0.999, 18/127, 12.82%, MAPK8;RPS7;KRTAP2-3;SEMA3E;KRTAP8-1;KRTAP4-2;AKT3;PTPRA;KRTAP10-4;KRTAP5-7;H2BC3;EZH2;RPS10;H2BC17;KRTAP5-1;KRTAP4-6;KRTAP25-1;POLR2E
prerank, Reactome_2022__Transcriptional Regulation By Small RNAs R-HSA-5578749                                        , 0.5439362883780788  , 1.0916609478612653 , 0.32786885245901637 , 0.6836139518993011 ,      0.999, 5/15  , 25.28%, H2BC3;H2BC17;POLR2E;H2BC1;H3C7
prerank, KEGG_2021_Human__MAPK signaling pathway                                                                      , 0.5022736096464422  , 1.078194975638896  , 0.3370998116760829  , 0.7106281075160276 ,      0.999, 4/20  , 5.22% , MAPK8;MAPK10;IKBKG;AKT3
prerank, KEGG_2021_Human__Glucagon signaling pathway                                                                  , -0.49613500421164364, -1.0690162811570474, 0.35351089588377727 , 1.0                ,      0.999, 4/17  , 12.17%, PHKG2;ITPR2;AKT1;PRKAA1
prerank, Reactome_2022__Innate Immune System R-HSA-168249                                                             , 0.3902000656811583  , 1.0668070157572669 , 0.3264              , 0.7324007780967006 ,      1.0  , 18/78 , 17.45%, MAPK8;CPNE2;MAPK10;RAB24;IKBKG;PPP2CA;ALOX5;GZMM;NFKBIB;PRKCD;ARSA;C5AR1;POLR2E;RNASE8;CD59;UBE2V1;GUSB;PPP2R1A
prerank, KEGG_2021_Human__Systemic lupus erythematosus                                                                , 0.4250153512284044  , 1.065189519601841  , 0.3283582089552239  , 0.7244646985425678 ,      1.0  , 11/43 , 18.28%, H4C8;H4C4;H4C13;H2BC3;H3C8;H2BC17;H2AC15;H3C4;H3C1;H2BC18;H4C7
prerank, Reactome_2022__Neutrophil Degranulation R-HSA-6798695                                                        , -0.40712430315847886, -1.0649110631980088, 0.3250620347394541  , 1.0                ,      0.999, 11/41 , 16.85%, DYNC1H1;RHOF;DOCK2;KCMF1;NCSTN;RAB5C;VCL;VAPA;DBNL;STK11IP;QSOX1
prerank, Reactome_2022__RNA Polymerase II Transcription R-HSA-73857                                                   , 0.3923404613895959  , 1.058910382722194  , 0.34539473684210525 , 0.7316368877126497 ,      1.0  , 20/74 , 20.65%, ZNF460;U2AF1L4;PPP2CA;AKT3;H2BC3;MLLT1;CDC26;GTF2A1;EZH2;GPS2;H2BC17;ATAD2;POLR2E;TNRC6B;MGA;ANAPC15;PPP2R1A;AFF4;KAT6A;H2BC1
prerank, Reactome_2022__ESR-mediated Signaling R-HSA-8939211                                                          , 0.4548775550972718  , 1.054963891127238  , 0.3532423208191126  , 0.7310703278530084 ,      1.0  , 7/28  , 13.41%, AKT3;H2BC3;GTF2A1;USF1;H2BC17;POLR2E;TNRC6B
prerank, KEGG_2021_Human__Neutrophil extracellular trap formation                                                     , 0.4097245804703874  , 1.0537998782899485 , 0.3469055374592834  , 0.7220537436954787 ,      1.0  , 13/50 , 18.28%, H4C8;H4C4;H4C13;AKT3;H2BC3;H3C8;H2BC17;C5AR1;H2AC15;H3C4;H3C1;H2BC18;H4C7
prerank, KEGG_2021_Human__Necroptosis                                                                                 , 0.4645756930741223  , 1.0537107086417883 , 0.37456445993031356 , 0.7104868493856311 ,      1.0  , 4/28  , 5.52% , MAPK8;CHMP1A;MAPK10;FAF1
prerank, "Reactome_2022__Platelet Activation, Signaling And Aggregation R-HSA-76002"                                  , -0.4934304426718034 , -1.047349237293195 , 0.35697940503432496 , 1.0                ,      1.0  , 6/17  , 11.39%, PIK3R5;ITPR2;AKT1;ADRA2B;ACTN4;VCL
prerank, Reactome_2022__Keratinization R-HSA-6805567                                                                  , 0.3879983172223049  , 1.0408233759531593 , 0.3598673300165838  , 0.7357139566245928 ,      1.0  , 8/67  , 12.70%, KRTAP2-3;KRTAP8-1;KRTAP4-2;KRTAP10-4;KRTAP5-7;KRTAP5-1;KRTAP4-6;KRTAP25-1
prerank, KEGG_2021_Human__Pathways of neurodegeneration                                                               , -0.43873080932575187, -1.036712389842785 , 0.38620689655172413 , 1.0                ,      1.0  , 8/27  , 12.88%, FZD9;BRAF;VDAC2;ITPR2;ADRM1;ATP5F1A;FZD10;AXIN1
prerank, KEGG_2021_Human__Salmonella infection                                                                        , 0.47855984764564574 , 1.0330728247591654 , 0.3975481611208406  , 0.7463421460693827 ,      1.0  , 5/21  , 5.22% , MAPK8;CYTH2;MAPK10;IKBKG;AKT3
prerank, Reactome_2022__Influenza Infection R-HSA-168255                                                              , 0.5002994373422025  , 1.0207254377173927 , 0.4446428571428571  , 0.7712106426047831 ,      1.0  , 6/17  , 21.13%, RPS7;RPS10;KPNA5;POLR2E;RPS14;RPSA
prerank, Reactome_2022__PIP3 Activates AKT Signaling R-HSA-1257604                                                    , 0.4622468991980324  , 1.0092413535076072 , 0.4143835616438356  , 0.7926626481839592 ,      1.0  , 7/21  , 17.45%, PPP2CA;AKT3;EZH2;AKT1S1;REST;TNRC6B;PPP2R1A
prerank, KEGG_2021_Human__Human T-cell leukemia virus 1 infection                                                     , 0.4561914712802785  , 1.0061775754536055 , 0.4436229205175601  , 0.7894075905802584 ,      1.0  , 6/23  , 10.27%, MAPK8;MAPK10;IKBKG;AKT3;CDC26;GPS2
prerank, KEGG_2021_Human__Alzheimer disease                                                                           , -0.4162421528211667 , -1.0061558708064278, 0.42452830188679247 , 1.0                ,      1.0  , 10/29 , 12.88%, FZD9;BRAF;VDAC2;ITPR2;AKT1;NCSTN;ADRM1;ATP5F1A;FZD10;AXIN1
prerank, KEGG_2021_Human__Parkinson disease                                                                           , 0.4884783553620814  , 1.0054144779603358 , 0.4446494464944649  , 0.7799705951508765 ,      1.0  , 2/17  , 2.20% , MAPK8;MAPK10
prerank, Reactome_2022__Hemostasis R-HSA-109582                                                                       , -0.38640412306536426, -1.0049326477505467, 0.4258373205741627  , 1.0                ,      1.0  , 8/40  , 11.39%, PIK3R5;DOCK2;ITPR2;AKT1;ADRA2B;ACTN4;KIF21B;VCL
prerank, Reactome_2022__HCMV Infection R-HSA-9609646                                                                  , 0.44541269085975294 , 1.0042110524811378 , 0.44760213143872113 , 0.7716310909840897 ,      1.0  , 7/25  , 16.56%, CHMP1A;H2BC3;EZH2;GPS2;H2BC17;MVB12A;H2BC18
prerank, Reactome_2022__Mitotic Metaphase And Anaphase R-HSA-2555396                                                  , -0.4587883969669486 , -1.003705249442144 , 0.42822966507177035 , 1.0                ,      1.0  , 4/18  , 7.60% , DYNC1H1;CDC27;CHMP6;SMC3
prerank, Reactome_2022__Mitotic Anaphase R-HSA-68882                                                                  , -0.4587883969669486 , -1.003705249442144 , 0.42822966507177035 , 1.0                ,      1.0  , 4/18  , 7.60% , DYNC1H1;CDC27;CHMP6;SMC3
prerank, KEGG_2021_Human__C-type lectin receptor signaling pathway                                                    , 0.4961170044205897  , 0.9974166847031941 , 0.4591651542649728  , 0.7791984528778126 ,      1.0  , 5/15  , 5.22% , MAPK8;MAPK10;BCL3;IKBKG;AKT3
prerank, Reactome_2022__Influenza Viral RNA Transcription And Replication R-HSA-168273                                , 0.5025089764082241  , 0.997415119742716  , 0.48807339449541287 , 0.7680670464081296 ,      1.0  , 5/15  , 21.13%, RPS7;RPS10;POLR2E;RPS14;RPSA
prerank, Reactome_2022__Axon Guidance R-HSA-422475                                                                    , 0.4112894462871196  , 0.9948870853617794 , 0.45936395759717313 , 0.7533316867301683 ,      1.0  , 5/34  , 9.97% , MAPK8;RPS7;SEMA3E;PTPRA;RPS10
prerank, Reactome_2022__Nervous System Development R-HSA-9675108                                                      , 0.4112894462871196  , 0.9948870853617794 , 0.45936395759717313 , 0.7533316867301683 ,      1.0  , 5/34  , 9.97% , MAPK8;RPS7;SEMA3E;PTPRA;RPS10
prerank, KEGG_2021_Human__Alcoholism                                                                                  , 0.3831198898002904  , 0.993419866795954  , 0.46153846153846156 , 0.7470565987719909 ,      1.0  , 11/52 , 18.28%, H4C8;H4C4;H4C13;H2BC3;H3C8;H2BC17;H2AC15;H3C4;H3C1;H2BC18;H4C7
prerank, Reactome_2022__Disease R-HSA-1643685                                                                         , 0.34105119526211797 , 0.9930249221743698 , 0.46855345911949686 , 0.7379373015695649 ,      1.0  , 36/134, 21.36%, MAPK8;RPS7;CHMP1A;MC5R;PARP4;ADAMTSL3;IKBKG;PPP2CA;AKT3;H2BC3;CDC26;GTF2A1;EZH2;MAP1LC3B;RPS10;GPS2;H2BC17;AKT1S1;KPNA5;POLR2E;REST;ANAPC15;MVB12A;UBE2V1;H2BC18;GUSB;MIB1;DVL3;PPP2R1A;RPS14;ABCD1;HMGA1;GPHA2;H2BC1;RPSA;IFNA16
prerank, Reactome_2022__Asparagine N-linked Glycosylation R-HSA-446203                                                , -0.45609747620497004, -0.9913525854230116, 0.4486607142857143  , 1.0                ,      1.0  , 2/19  , 5.58% , DYNC1H1;ARF3
prerank, Reactome_2022__Chromosome Maintenance R-HSA-73886                                                            , 0.47430439179440664 , 0.9899574850757494 , 0.4597495527728086  , 0.7357687310058956 ,      1.0  , 5/16  , 20.65%, H2BC3;H2BC17;POLR2E;CHTF8;H2BC1
prerank, Reactome_2022__Immune System R-HSA-168256                                                                    , 0.3392701314771607  , 0.9848034757971399 , 0.46788990825688076 , 0.7395095458709919 ,      1.0  , 25/126, 17.45%, MAPK8;CPNE2;MAPK10;RAB24;IKBKG;REL;PPP2CA;RNF220;AKT3;CDC26;ALOX5;GZMM;NFKBIB;PRKCD;INPPL1;ARSA;C5AR1;KPNA5;ARIH1;POLR2E;RNASE8;CD59;UBE2V1;GUSB;PPP2R1A
prerank, KEGG_2021_Human__Hepatitis C                                                                                 , 0.4436766804708908  , 0.9794186738488908 , 0.4937388193202147  , 0.7446507595131429 ,      1.0  , 4/23  , 11.45%, IKBKG;PPP2CA;AKT3;CLDN9
prerank, Reactome_2022__Metabolism Of Proteins R-HSA-392499                                                           , 0.3369042119606885  , 0.9755315811918706 , 0.5147286821705427  , 0.7449813710807471 ,      1.0  , 15/116, 10.98%, RPS7;DCUN1D1;ADAMTSL3;USP19;RAB24;IKBKG;GPR119;UGGT1;H2BC3;WDTC1;MCRS1;CLSPN;RPS10;H2BC17;ARSA
prerank, Reactome_2022__RUNX1 Regulates Transcription Of Genes Involved In Differentiation Of HSCs R-HSA-8939236      , 0.47830939479542484 , 0.9697325824796372 , 0.5027027027027027  , 0.7503562467180648 ,      1.0  , 6/16  , 29.32%, H2BC3;H2BC17;H2BC1;H3C7;ITCH;UBC
prerank, KEGG_2021_Human__Huntington disease                                                                          , 0.4574969336864859  , 0.9697325106463885 , 0.4851657940663176  , 0.7409767936340891 ,      1.0  , 4/19  , 13.23%, MAPK8;MAPK10;POLR2E;REST
prerank, Reactome_2022__Metabolism Of RNA R-HSA-8953854                                                               , 0.39565327774393705 , 0.9653244332240047 , 0.5228426395939086  , 0.7429674997391553 ,      1.0  , 15/42 , 21.72%, RPS7;U2AF1L4;PQBP1;PPP2CA;EDC4;RPS10;PRKCD;ZMAT5;POLR2E;PPP2R1A;SMG5;PRCC;RPS14;RPSA;HNRNPL
prerank, Reactome_2022__Intracellular Signaling By Second Messengers R-HSA-9006925                                    , 0.4279303250884343  , 0.9591887080865084 , 0.4931972789115646  , 0.7495147278874771 ,      1.0  , 8/24  , 17.45%, PPP2CA;AKT3;EZH2;PRKCD;AKT1S1;REST;TNRC6B;PPP2R1A
prerank, Reactome_2022__Antigen Processing: Ubiquitination And Proteasome Degradation R-HSA-983168                    , -0.4110965563089503 , -0.9582415971805128, 0.5306603773584906  , 1.0                ,      1.0  , 3/26  , 6.35% , RNF213;CDC27;HECTD3
prerank, KEGG_2021_Human__Pathways in cancer                                                                          , 0.39749276056165916 , 0.9561824164523514 , 0.5309278350515464  , 0.7485149196349405 ,      1.0  , 4/36  , 5.22% , MAPK8;MAPK10;IKBKG;AKT3
prerank, Reactome_2022__Post-translational Protein Modification R-HSA-597592                                          , 0.34534503046735754 , 0.9556845329155651 , 0.5453020134228188  , 0.7409013669363107 ,      1.0  , 12/90 , 10.98%, DCUN1D1;ADAMTSL3;USP19;RAB24;IKBKG;UGGT1;H2BC3;WDTC1;MCRS1;CLSPN;H2BC17;ARSA
prerank, Reactome_2022__Signaling By GPCR R-HSA-372790                                                                , -0.365104182037996  , -0.9414434281630644, 0.5352798053527981  , 1.0                ,      1.0  , 9/40  , 12.28%, FZD9;PIK3R5;DRD5;ITPR2;AKT1;ADRA2B;CCL21;FZD10;PDE4D
prerank, Reactome_2022__Signaling By NOTCH R-HSA-157118                                                               , 0.4082560145366919  , 0.9370669872846741 , 0.5242214532871973  , 0.7785930639263148 ,      1.0  , 6/29  , 20.65%, RFNG;H2BC3;H2BC17;TNRC6B;MIB1;H2BC1
prerank, Reactome_2022__Programmed Cell Death R-HSA-5357801                                                           , 0.44152399464126924 , 0.9337624910849059 , 0.5592334494773519  , 0.7780562074400325 ,      1.0  , 4/20  , 10.56%, MAPK8;AKT3;CLSPN;PRKCD
prerank, KEGG_2021_Human__Prion disease                                                                               , 0.43327839080055763 , 0.9328874094069685 , 0.5632582322357019  , 0.7712395453350954 ,      1.0  , 2/20  , 2.20% , MAPK8;MAPK10
prerank, Reactome_2022__Senescence-Associated Secretory Phenotype (SASP) R-HSA-2559582                                , 0.4435337142734819  , 0.9304311717230265 , 0.5444839857651246  , 0.7688689007752376 ,      1.0  , 8/18  , 25.28%, H2BC3;CDC26;H2BC17;ANAPC15;H2BC1;ANAPC2;ANAPC11;H3C7
prerank, Reactome_2022__Metabolism R-HSA-1430728                                                                      , -0.31085743209797945, -0.9281428886682588, 0.6386554621848739  , 1.0                ,      1.0  , 12/103, 7.83% , COASY;MAP4K2;UPP1;RPL15;PIK3R5;PTEN;VDAC2;PHKG2;GPAT4;ARF3;ITPR2;AKT1
prerank, Reactome_2022__RHO GTPases Activate PKNs R-HSA-5625740                                                       , 0.45511752867735056 , 0.9250106389273676 , 0.5719298245614035  , 0.7724317605859912 ,      1.0  , 4/16  , 25.28%, H2BC3;H2BC17;H2BC1;H3C7
prerank, Reactome_2022__Signaling By Receptor Tyrosine Kinases R-HSA-9006934                                          , -0.36994910356442867, -0.9205676998539761, 0.5970873786407767  , 1.0                ,      1.0  , 8/33  , 12.64%, FES;BRAF;ITPR2;AKT1;NCSTN;ATP6AP1;KIDINS220;EPN1
prerank, Reactome_2022__Adaptive Immune System R-HSA-1280218                                                          , -0.3382501387318205 , -0.920435199397704 , 0.6157635467980296  , 1.0                ,      1.0  , 7/52  , 7.83% , DYNC1H1;RNF213;PTEN;CDC27;HECTD3;ITPR2;AKT1
prerank, Reactome_2022__Generic Transcription Pathway R-HSA-212436                                                    , 0.3455081505285401  , 0.9199061242172669 , 0.6117455138662317  , 0.7759717643352914 ,      1.0  , 13/65 , 15.13%, ZNF460;PPP2CA;AKT3;H2BC3;CDC26;EZH2;GPS2;H2BC17;ATAD2;POLR2E;TNRC6B;MGA;ANAPC15
prerank, Reactome_2022__S Phase R-HSA-69242                                                                           , -0.4461569089392324 , -0.919587982724643 , 0.5866050808314087  , 1.0                ,      1.0  , 4/15  , 7.89% , CDC27;SMC3;AKT1;ORC4
prerank, Reactome_2022__TCF Dependent Signaling In Response To WNT R-HSA-201681                                       , 0.4213930313522371  , 0.9178267075625494 , 0.5827464788732394  , 0.7725272011093683 ,      1.0  , 6/23  , 20.65%, PPP2CA;H2BC3;H2BC17;DVL3;PPP2R1A;H2BC1
prerank, Reactome_2022__Ub-specific Processing Proteases R-HSA-5689880                                                , 0.3977498520104082  , 0.903194853847057  , 0.5947368421052631  , 0.7973795664640162 ,      1.0  , 5/27  , 10.92%, USP19;IKBKG;H2BC3;CLSPN;H2BC17
prerank, Reactome_2022__Regulation Of Expression Of SLITs And ROBOs R-HSA-9010553                                     , 0.44120316402156073 , 0.889544088991255  , 0.6231884057971014  , 0.8226240041717026 ,      1.0  , 4/16  , 21.13%, RPS7;RPS10;RPS14;RPSA
prerank, KEGG_2021_Human__Human papillomavirus infection                                                              , 0.37476722315644295 , 0.8891474270648679 , 0.6445578231292517  , 0.8146006328531148 ,      1.0  , 4/34  , 5.22% , RFNG;IKBKG;PPP2CA;AKT3
prerank, Reactome_2022__Membrane Trafficking R-HSA-199991                                                             , -0.32956149724826156, -0.886408721517596 , 0.700228832951945   , 1.0                ,      1.0  , 12/53 , 17.21%, DYNC1H1;TRIP11;ARF3;TBC1D17;CHMP6;AKT1;RAB5C;KIF21B;EPN1;AVPR2;CLTA;AP2A1
prerank, Reactome_2022__Vesicle-mediated Transport R-HSA-5653656                                                      , -0.32956149724826156, -0.886408721517596 , 0.700228832951945   , 1.0                ,      1.0  , 12/53 , 17.21%, DYNC1H1;TRIP11;ARF3;TBC1D17;CHMP6;AKT1;RAB5C;KIF21B;EPN1;AVPR2;CLTA;AP2A1
prerank, Reactome_2022__Signal Transduction R-HSA-162582                                                              , -0.27922035188857836, -0.885369200475815 , 0.8505747126436781  , 1.0                ,      1.0  , 35/156, 17.39%, DYNC1H1;FZD9;MARK3;RHOF;FES;BRAF;ARHGAP31;PIK3R5;PTEN;DRD5;DOCK2;ITPR2;SMC3;AKT1;NCSTN;ADRA2B;ATP6AP1;CCL21;VCL;FZD10;KIDINS220;PRKAA1;PDE4D;EPN1;AXIN1;VAPA;CLASP1;ANKRD26;AVPR2;MOB1B;H2AC20;ARAP3;CLTA;AP2A1;PPP1R15A
prerank, Reactome_2022__Processing Of Capped Intron-Containing Pre-mRNA R-HSA-72203                                   , 0.4375962055914642  , 0.882215657900084  , 0.6612612612612613  , 0.8224724029121138 ,      1.0  , 6/16  , 21.72%, U2AF1L4;PQBP1;ZMAT5;POLR2E;PRCC;HNRNPL
prerank, Reactome_2022__GPCR Ligand Binding R-HSA-500792                                                              , -0.38535489126201217, -0.8821642182691877, 0.6712962962962963  , 1.0                ,      1.0  , 6/22  , 15.49%, FZD9;DRD5;ADRA2B;CCL21;FZD10;AVPR2
prerank, Reactome_2022__Metabolism Of Lipids R-HSA-556833                                                             , -0.34697278240655843, -0.8819843721050333, 0.6875              , 1.0                ,      1.0  , 4/38  , 5.58% , PIK3R5;PTEN;GPAT4;ARF3
prerank, Reactome_2022__Metabolism Of Carbohydrates R-HSA-71387                                                       , -0.3802230581115979 , -0.8698140307889655, 0.6618357487922706  , 1.0                ,      1.0  , 2/22  , 4.39% , MAP4K2;PHKG2
prerank, Reactome_2022__RHO GTPase Cycle R-HSA-9012999                                                                , -0.3553149164876778 , -0.8695370276931286, 0.689156626506024   , 1.0                ,      1.0  , 7/28  , 16.80%, RHOF;ARHGAP31;DOCK2;ATP6AP1;KIDINS220;ANKRD26;ARAP3
prerank, KEGG_2021_Human__Chemokine signaling pathway                                                                 , 0.42647282535273645 , 0.8688350186932675 , 0.6295652173913043  , 0.8450694079029792 ,      1.0  , 5/16  , 10.56%, CXCL14;IKBKG;AKT3;NFKBIB;PRKCD
prerank, Reactome_2022__Deubiquitination R-HSA-5688426                                                                , 0.3715317961651294  , 0.8685079548242258 , 0.6996466431095406  , 0.8370105318022655 ,      1.0  , 11/33 , 22.02%, USP19;IKBKG;H2BC3;MCRS1;CLSPN;H2BC17;H2BC18;INO80D;VCPIP1;H2BC1;OTUD5
prerank, KEGG_2021_Human__Tuberculosis                                                                                , -0.38576947006710405, -0.8645056038228076, 0.6566820276497696  , 1.0                ,      1.0  , 4/20  , 10.09%, LSP1;AKT1;ATP6AP1;RAB5C
prerank, Reactome_2022__DNA Damage/Telomere Stress Induced Senescence R-HSA-2559586                                   , 0.4190324373082293  , 0.855606168236121  , 0.6828828828828829  , 0.8564766184176873 ,      1.0  , 4/16  , 20.65%, H2BC3;H2BC17;HMGA1;H2BC1
prerank, KEGG_2021_Human__Amyotrophic lateral sclerosis                                                               , -0.41121059227766876, -0.8554181101067855, 0.6767441860465117  , 1.0                ,      1.0  , 3/15  , 17.63%, ADRM1;ATP5F1A;ATG13
prerank, Reactome_2022__Transcriptional Regulation By RUNX1 R-HSA-8878171                                             , 0.3918431185472699  , 0.8470370723661567 , 0.6917562724014337  , 0.8670632615607433 ,      1.0  , 4/22  , 20.65%, H2BC3;H2BC17;TNRC6B;H2BC1
prerank, "Reactome_2022__Cell Cycle, Mitotic R-HSA-69278"                                                             , -0.32112079437674057, -0.845624048609448 , 0.779746835443038   , 1.0                ,      1.0  , 6/44  , 7.89% , DYNC1H1;CDC27;CHMP6;SMC3;AKT1;ORC4
prerank, Reactome_2022__Separation Of Sister Chromatids R-HSA-2467813                                                 , -0.40521443347694697, -0.8452446899312485, 0.6837209302325581  , 1.0                ,      1.0  , 3/15  , 7.60% , DYNC1H1;CDC27;SMC3
prerank, Reactome_2022__MAPK1/MAPK3 Signaling R-HSA-5684996                                                           , -0.3960341021573539 , -0.8370314030921915, 0.6790697674418604  , 1.0                ,      1.0  , 3/16  , 11.39%, MARK3;BRAF;VCL
prerank, Reactome_2022__RAF/MAP Kinase Cascade R-HSA-5673001                                                          , -0.3960341021573539 , -0.8370314030921915, 0.6790697674418604  , 1.0                ,      1.0  , 3/16  , 11.39%, MARK3;BRAF;VCL
prerank, Reactome_2022__Cell Cycle R-HSA-1640170                                                                      , -0.3091025583445363 , -0.8308488753989409, 0.8426395939086294  , 1.0                ,      1.0  , 7/50  , 7.89% , DYNC1H1;CDC27;CHMP6;RSF1;SMC3;AKT1;ORC4
prerank, Reactome_2022__HCMV Early Events R-HSA-9609690                                                               , 0.37664956758179985 , 0.8263075706979618 , 0.7504332755632582  , 0.9022493315149108 ,      1.0  , 6/22  , 20.65%, H2BC3;EZH2;GPS2;H2BC17;H2BC18;H2BC1
prerank, KEGG_2021_Human__Diabetic cardiomyopathy                                                                     , 0.38774033935880364 , 0.815176844883176  , 0.7469244288224957  , 0.9173296406325805 ,      1.0  , 5/19  , 10.56%, MAPK8;MAPK10;AKT3;G6PD;PRKCD
prerank, Reactome_2022__RHO GTPase Effectors R-HSA-195258                                                             , 0.35624116042649306 , 0.8139054131030747 , 0.7950413223140496  , 0.9107835872829173 ,      1.0  , 7/27  , 20.65%, PPP2CA;H2BC3;PRKCD;H2BC17;DVL3;PPP2R1A;H2BC1
prerank, Reactome_2022__Signaling By ROBO Receptors R-HSA-376176                                                      , 0.3835144167375265  , 0.8133750844831239 , 0.7673179396092362  , 0.9028145132812376 ,      1.0  , 2/19  , 9.97% , RPS7;RPS10
prerank, KEGG_2021_Human__Endocytosis                                                                                 , -0.3458266905120946 , -0.7998343086091205, 0.8257080610021786  , 1.0                ,      1.0  , 10/25 , 17.21%, ACAP2;ARF3;CHMP6;RAB5C;AGAP2;EPN1;SNX1;ARAP3;CLTA;AP2A1
prerank, KEGG_2021_Human__Human cytomegalovirus infection                                                             , 0.35627953091277864 , 0.7976422525396832 , 0.8077601410934744  , 0.9244725431675743 ,      1.0  , 2/24  , 5.22% , IKBKG;AKT3
prerank, KEGG_2021_Human__Ribosome                                                                                    , 0.3862442041450527  , 0.7952317429753236 , 0.7895622895622896  , 0.9199040061036818 ,      1.0  , 5/17  , 21.13%, RPS7;RPS10;RPS14;MRPL12;RPSA
prerank, Reactome_2022__Class I MHC Mediated Antigen Processing And Presentation R-HSA-983169                         , -0.32410838104463463, -0.7878515214908438, 0.8705035971223022  , 1.0                ,      1.0  , 3/31  , 6.35% , RNF213;CDC27;HECTD3
prerank, KEGG_2021_Human__PI3K-Akt signaling pathway                                                                  , 0.3501523528587345  , 0.7837097201375157 , 0.8268551236749117  , 0.9318589953870122 ,      1.0  , 3/26  , 5.22% , IKBKG;PPP2CA;AKT3
prerank, Reactome_2022__MAPK Family Signaling Cascades R-HSA-5683057                                                  , 0.34818154806752133 , 0.7707112551735289 , 0.8214285714285714  , 0.9451656055577171 ,      1.0  , 5/22  , 17.45%, CDC42EP2;PPP2CA;PTPRA;TNRC6B;PPP2R1A
prerank, Reactome_2022__Reproduction R-HSA-1474165                                                                    , 0.3763851089078811  , 0.7677973298116902 , 0.8117443868739206  , 0.9406262342066296 ,      1.0  , 4/16  , 20.65%, H2BC3;H2BC17;ADAM30;H2BC1
prerank, Reactome_2022__DNA Replication Pre-Initiation R-HSA-69002                                                    , 0.3554046538629837  , 0.7610137504151232 , 0.8610108303249098  , 0.9333963338022573 ,      1.0  , 8/21  , 25.28%, H2BC3;CDC26;H2BC17;ANAPC15;H2BC1;ANAPC2;ANAPC11;H3C7
prerank, Reactome_2022__Assembly Of Pre-Replicative Complex R-HSA-68867                                               , 0.3554046538629837  , 0.7610137504151232 , 0.8610108303249098  , 0.9333963338022573 ,      1.0  , 8/21  , 25.28%, H2BC3;CDC26;H2BC17;ANAPC15;H2BC1;ANAPC2;ANAPC11;H3C7
prerank, Reactome_2022__Cell Cycle Checkpoints R-HSA-69620                                                            , 0.3412016624897789  , 0.7583566910331077 , 0.8488576449912126  , 0.928834527120628  ,      1.0  , 10/24 , 23.92%, PPP2CA;H2BC3;CDC26;CLSPN;H2BC17;ANAPC15;PPP2R1A;H2BC1;ANAPC2;ANAPC11
prerank, Reactome_2022__DNA Replication R-HSA-69306                                                                   , 0.34814105846108795 , 0.7515738922744497 , 0.874326750448833   , 0.9304411157833049 ,      1.0  , 8/22  , 25.28%, H2BC3;CDC26;H2BC17;ANAPC15;H2BC1;ANAPC2;ANAPC11;H3C7
prerank, KEGG_2021_Human__Oocyte meiosis                                                                              , -0.35387460102804325, -0.7506239266611733, 0.8412698412698413  , 1.0                ,      1.0  , 3/17  , 7.60% , CDC27;ITPR2;SMC3
prerank, Reactome_2022__M Phase R-HSA-68886                                                                           , -0.30000157807936767, -0.7492888672359652, 0.9363867684478372  , 1.0                ,      1.0  , 4/35  , 7.60% , DYNC1H1;CDC27;CHMP6;SMC3
prerank, "Reactome_2022__Signaling By Rho GTPases, Miro GTPases And RHOBTB3 R-HSA-9716542"                            , -0.2705557204091375 , -0.747591779223438 , 0.9715762273901809  , 1.0                ,      1.0  , 10/52 , 16.80%, DYNC1H1;RHOF;ARHGAP31;DOCK2;ATP6AP1;KIDINS220;CLASP1;ANKRD26;H2AC20;ARAP3
prerank, Reactome_2022__Signaling By Rho GTPases R-HSA-194315                                                         , -0.27086666084445626, -0.7451989842327914, 0.9791666666666666  , 1.0                ,      1.0  , 10/51 , 16.80%, DYNC1H1;RHOF;ARHGAP31;DOCK2;ATP6AP1;KIDINS220;CLASP1;ANKRD26;H2AC20;ARAP3
prerank, Reactome_2022__GPCR Downstream Signaling R-HSA-388396                                                        , -0.2970715584099774 , -0.7448058805919584, 0.9392405063291139  , 0.9945638562736634 ,      1.0  , 7/36  , 12.28%, PIK3R5;DRD5;ITPR2;AKT1;ADRA2B;CCL21;PDE4D
prerank, Reactome_2022__RAC1 GTPase Cycle R-HSA-9013149                                                               , -0.354095073016214  , -0.7437792777147547, 0.8360655737704918  , 0.9709033721769619 ,      1.0  , 2/16  , 7.12% , ARHGAP31;DOCK2
prerank, Reactome_2022__Signaling By WNT R-HSA-195721                                                                 , -0.29549919679704545, -0.727401426226504 , 0.9400921658986175  , 0.9669070393911116 ,      1.0  , 8/31  , 18.16%, FZD9;ITPR2;AKT1;AXIN1;H2AC20;CLTA;AP2A1;GNG10
prerank, Reactome_2022__Transport Of Small Molecules R-HSA-382551                                                     , 0.3060299773003995  , 0.7146567775275838 , 0.9409722222222222  , 0.9679821847547672 ,      1.0  , 1/29  , 0.36% , APOBR
prerank, Reactome_2022__Transcriptional Regulation By TP53 R-HSA-3700989                                              , -0.30473232736184486, -0.7092012992477043, 0.9663677130044843  , 0.9622412850878208 ,      1.0  , 4/23  , 12.17%, CNOT3;PTEN;AKT1;PRKAA1
prerank, Reactome_2022__G Alpha (I) Signaling Events R-HSA-418594                                                     , 0.32334336000245995 , 0.6893126238360199 , 0.9463087248322147  , 0.9826447272808798 ,      1.0  , 5/20  , 17.45%, PPP2CA;PRKCD;C5AR1;NPBWR1;PPP2R1A
prerank, Reactome_2022__Meiosis R-HSA-1500620                                                                         , 0.3377736417919812  , 0.6757264287659772 , 0.9318181818181818  , 0.9839067730017467 ,      1.0  , 2/15  , 10.92%, H2BC3;H2BC17
prerank, Reactome_2022__Translation R-HSA-72766                                                                       , 0.3257255296657193  , 0.6662040087957417 , 0.9248251748251748  , 0.9820993005392686 ,      1.0  , 5/17  , 21.13%, RPS7;RPS10;RPS14;MRPL12;RPSA
prerank, Reactome_2022__Class A/1 (Rhodopsin-like Receptors) R-HSA-373076                                             , 0.31966999616243535 , 0.646049215346169  , 0.9414893617021277  , 0.984925687624327  ,      1.0  , 5/16  , 21.66%, MC5R;C5AR1;NPBWR1;GPHA2;PLPPR2
prerank, Reactome_2022__HIV Infection R-HSA-162906                                                                    , -0.30404025858583106, -0.6413722154540293, 0.9551020408163265  , 0.9819679134931275 ,      1.0  , 2/16  , 7.12% , CHMP6;DOCK2
prerank, Reactome_2022__Neuronal System R-HSA-112316                                                                  , 0.2802899628682459  , 0.560719505372907  , 0.9910554561717353  , 0.9966709979489052 ,      1.0  , 2/15  , 6.53% , GJD3;RTN3
