Name,Term,ES,NES,NOM p-val,FDR q-val,FWER p-val,Tag %,Gene %,Lead_genes
prerank,KEGG_2021_Human__Cytokine-cytokine receptor interaction,0.7650112786743305,1.7554172658096696,0.00408997955010225,0.20547945205479454,0.14,5/17,12.28%,CXCL14;TNFSF12;IL10RB;IFNE;CCL5
prerank,Reactome_2022__Signaling By Receptor Tyrosine Kinases R-HSA-9006934,-0.6249034448017341,-1.646276972548835,0.0019083969465648854,1.0,0.436,10/33,11.93%,CLTA;EPN1;GABRA1;AP2A1;FES;KIDINS220;ATP6AP1;AKT1;NCSTN;BRAF
prerank,Reactome_2022__Class A/1 (Rhodopsin-like Receptors) R-HSA-373076,0.7205729513090249,1.629732645798339,0.011976047904191617,0.5488707885968159,0.501,8/16,14.60%,PLPPR2;DRD5;C5AR1;MC5R;CCL5;GPHA2;NPBWR1;AVPR2
prerank,Reactome_2022__Axon Guidance R-HSA-422475,-0.5973474245924142,-1.616355366973222,0.017892644135188866,0.48651091384070627,0.539,12/34,19.35%,CLTA;PSMB8;AGAP2;AP2A1;FES;NCSTN;RBM8A;LYPLA2;PSMA5;RPS7;RPL15;RPSA
prerank,Reactome_2022__Nervous System Development R-HSA-9675108,-0.5973474245924142,-1.616355366973222,0.017892644135188866,0.48651091384070627,0.539,12/34,19.35%,CLTA;PSMB8;AGAP2;AP2A1;FES;NCSTN;RBM8A;LYPLA2;PSMA5;RPS7;RPL15;RPSA
prerank,Reactome_2022__Diseases Of Signal Transduction By Growth Factor Receptors And Second Messengers R-HSA-5663202,-0.5750255648281923,-1.520642564017968,0.02564102564102564,0.9293076551647291,0.834,10/34,14.72%,TRIP11;PSMB8;SKP1;VCL;AXIN1;AKT1;NCSTN;PTEN;BRAF;PSMA5
prerank,GO_Cellular_Component_2021__secretory granule membrane (GO:0030667),0.6048768093077135,1.5095665544927945,0.026915113871635612,1.0,0.88,8/25,11.99%,ABCC4;RAB4B;RAB24;CD59;PHACTR2;PTPRJ;C5AR1;CD53
prerank,GO_Molecular_Function_2021__receptor ligand activity (GO:0048018),0.6417690917405715,1.4814740931516102,0.04563492063492063,1.0,0.918,4/18,14.78%,TNFSF12;IFNE;CCL5;MIF
prerank,Reactome_2022__Signaling By WNT R-HSA-195721,-0.5494153457472891,-1.439780000180483,0.044585987261146494,1.0,0.961,10/31,14.84%,CLTA;H2AC20;PSMB8;SKP1;AP2A1;AXIN1;FZD9;AKT1;PSMA5;H2AC4
prerank,GO_Biological_Process_2021__anterograde trans-synaptic signaling (GO:0098916),0.5904130524847689,1.4356042796539847,0.053169734151329244,1.0,0.963,10/21,21.60%,OR10H1;OR10J5;PCDHB4;OR6T1;DRD5;OMP;NPBWR1;OR10H3;OR5T2;PCDHB11
prerank,GO_Molecular_Function_2021__guanyl ribonucleotide binding (GO:0032561),-0.6249646193170546,-1.4208474858646347,0.06748466257668712,1.0,0.975,6/15,19.53%,AGAP2;ARF3;RASEF;RHOF;RABL6;ARL14
prerank,GO_Cellular_Component_2021__integral component of plasma membrane (GO:0005887),0.46588027982509095,1.417599838693656,0.023255813953488372,1.0,0.972,22/71,14.60%,PLPPR2;OR10H1;KCNF1;OR10J5;PCDHB4;OR6T1;TNFSF12;PTPRA;IL10RB;PCDH11Y;GJD3;GPR52;DRD5;PTPRJ;C5AR1;MC5R;PCDHB8;CD53;OR56A1;NPBWR1;MFSD12;AVPR2
prerank,GO_Biological_Process_2021__regulation of gene expression (GO:0010468),0.4697921280244804,1.410527892013424,0.01953125,1.0,0.974,23/77,21.66%,TIPARP;UBE2V1;HMGA1;KAT6B;REL;RNF187;TRIML2;ZNF451;AFF1;PQBP1;ZNF460;TNRC6B;H3C1;HNRNPL;EZH2;AVPR2;MIF;MLX;CALCOCO1;REST;CASP8;NFIA;FOXN2
prerank,Reactome_2022__Transport Of Small Molecules R-HSA-382551,-0.5519694516829152,-1.409797582399964,0.043912175648702596,1.0,0.98,12/29,20.59%,CLTA;PSMB8;SKP1;AP2A1;SLC8B1;ATP13A1;ATP6AP1;PSMA5;DERL2;VDAC2;SLC5A3;APOBR
prerank,GO_Biological_Process_2021__positive regulation of nucleic acid-templated transcription (GO:1903508),0.5208058658384505,1.4082332002933957,0.043137254901960784,1.0,0.974,8/36,8.43%,UBE2V1;ATAD2;HMGA1;KAT6B;KAT6A;RNF187;FOXC2;DVL3
prerank,GO_Cellular_Component_2021__Golgi membrane (GO:0000139),-0.5914872807730774,-1.4081047020066644,0.05732484076433121,1.0,0.981,5/22,4.21%,CLTA;QSOX1;TRIP11;B3GAT3;FUT4
prerank,GO_Molecular_Function_2021__nucleoside-triphosphatase activity (GO:0017111),0.5845610287854156,1.3959285370996535,0.06262230919765166,1.0,0.98,4/19,6.59%,TMEM250;GNA13;OPA1;RAB24
prerank,GO_Molecular_Function_2021__ubiquitin-like protein ligase activity (GO:0061659),0.5910053072396217,1.392656517191886,0.08080808080808081,0.9379859311366161,0.98,10/20,23.15%,RNF187;IRF2BP1;TRIML2;ZNF451;RNF220;RNF38;ARIH1;ANKIB1;ANAPC11;FANCL
prerank,Reactome_2022__HATs Acetylate Histones R-HSA-3214847,0.5726925212748809,1.3767552822482816,0.07495069033530571,0.9490592709770792,0.987,5/22,4.39%,KAT6B;MCRS1;KAT6A;H2BC18;H2BC1
prerank,GO_Biological_Process_2021__post-translational protein modification (GO:0043687),-0.5919913747240586,-1.3749457699220484,0.09829059829059829,1.0,0.989,4/18,2.55%,QSOX1;FBXW12;PSMB8;SKP1
prerank,KEGG_2021_Human__Transcriptional misregulation in cancer,0.622277287676861,1.362145304059797,0.11153846153846154,0.9557417006047143,0.99,8/15,16.50%,REL;AFF1;H3C4;H3C8;H3C1;PRCC;MLLT1;H3C13
prerank,GO_Biological_Process_2021__negative regulation of apoptotic process (GO:0043066),-0.500351043580159,-1.3608670132954321,0.0625,1.0,0.992,8/37,11.93%,TCIM;AGAP2;FOXE3;EVI2B;FZD9;PRKAA1;AKT1;BRAF
prerank,GO_Biological_Process_2021__nucleosome organization (GO:0034728),0.571306078506455,1.3586848417883968,0.08055009823182711,0.9027283342351836,0.99,5/22,10.45%,HMGA1;KAT6B;H2BC18;H2BC1;H3C1
prerank,GO_Molecular_Function_2021__RNA binding (GO:0003723),0.4375908054690091,1.3474908875288039,0.019455252918287938,0.8970883799650923,0.994,16/80,17.39%,PEF1;CCDC124;FBRSL1;CSDE1;SHFL;MCRS1;NOL10;TNRC6B;CPEB4;HNRNPL;CELF2;SF3B4;ZFP36;MRPL28;FNDC3B;RPS10
prerank,KEGG_2021_Human__Human papillomavirus infection,-0.5049137130724674,-1.331265180880005,0.06458333333333334,1.0,0.995,6/34,11.57%,FZD10;AXIN1;FZD9;ATP6AP1;AKT1;PTEN
prerank,GO_Biological_Process_2021__chemical synaptic transmission (GO:0007268),0.5347528015794407,1.3266608902463757,0.10297029702970296,0.9511909169443415,0.994,9/23,18.81%,OR10H1;OR10J5;PCDHB4;OR6T1;DRD5;OMP;NPBWR1;OR10H3;OR5T2
prerank,Reactome_2022__Regulation Of Expression Of SLITs And ROBOs R-HSA-9010553,-0.573438742761513,-1.325222781733538,0.11022044088176353,1.0,0.997,6/16,19.35%,PSMB8;RBM8A;PSMA5;RPS7;RPL15;RPSA
prerank,Reactome_2022__RAF/MAP Kinase Cascade R-HSA-5673001,-0.5773030566073346,-1.3183134838090473,0.11967545638945233,1.0,0.997,5/16,14.72%,PSMB8;VCL;BRAF;RASGRP4;PSMA5
prerank,Reactome_2022__MAPK1/MAPK3 Signaling R-HSA-5684996,-0.5773030566073346,-1.3183134838090473,0.11967545638945233,1.0,0.997,5/16,14.72%,PSMB8;VCL;BRAF;RASGRP4;PSMA5
prerank,GO_Biological_Process_2021__positive regulation of transcription by RNA polymerase II (GO:0045944),0.4378189718727953,1.3059812506831199,0.05534351145038168,1.0,0.996,11/60,8.43%,ATAD2;HMGA1;KAT6B;MCRS1;KAT6A;REL;NFATC3;SENP1;ZNF451;FOXC2;DVL3
prerank,GO_Biological_Process_2021__MAPK cascade (GO:0000165),-0.5391460791419114,-1.304476795160564,0.13414634146341464,1.0,0.999,8/23,15.96%,HSF1;PSMB8;SKP1;BRAP;BRAF;RASGRP4;PSMA5;TAOK2
prerank,GO_Molecular_Function_2021__ubiquitin protein ligase activity (GO:0061630),0.5745045625804026,1.3026173873383633,0.13958333333333334,0.9718078271664089,0.997,9/18,23.15%,RNF187;IRF2BP1;TRIML2;RNF220;RNF38;ARIH1;ANKIB1;ANAPC11;FANCL
prerank,Reactome_2022__Signaling By ROBO Receptors R-HSA-376176,-0.5389614414060641,-1.2965661730844025,0.13279678068410464,1.0,1.0,6/19,19.35%,PSMB8;RBM8A;PSMA5;RPS7;RPL15;RPSA
prerank,GO_Molecular_Function_2021__cis-regulatory region sequence-specific DNA binding (GO:0000987),0.44114865741973386,1.286542860884322,0.07370517928286853,1.0,0.997,12/59,8.13%,TIPARP;HMGA1;ATOH7;ZNF524;MGA;REL;NFATC3;FOXS1;FOXD4;ZNF213;ZNF460;FOXC2
prerank,GO_Molecular_Function_2021__protein kinase binding (GO:0019901),-0.47283188778530766,-1.2772614481787647,0.10224948875255624,1.0,1.0,11/38,18.52%,HSF1;AGAP2;AP2A1;MAP4K2;AXIN1;WDR45;PPP1R15A;TAOK2;RPS7;RHOF;ACTBL2
prerank,GO_Biological_Process_2021__negative regulation of programmed cell death (GO:0043069),-0.4849539336128526,-1.2755387563582368,0.11618257261410789,1.0,1.0,6/31,11.93%,TCIM;FOXE3;EVI2B;PRKAA1;AKT1;BRAF
prerank,GO_Biological_Process_2021__regulation of transcription by RNA polymerase II (GO:0006357),0.3953021601487925,1.274304180956504,0.04408817635270541,1.0,0.998,20/119,8.43%,ZNF292;ATAD2;HMGA1;ATOH7;ZNF524;MGA;KAT6B;MCRS1;KAT6A;REL;NFATC3;RIF1;SENP1;FOXS1;FOXD4;IRF2BP1;ZNF451;ZNF213;FOXC2;DVL3
prerank,GO_Biological_Process_2021__transmembrane receptor protein tyrosine kinase signaling pathway (GO:0007169),-0.5137552174186265,-1.2691859627180555,0.1360153256704981,1.0,1.0,7/24,14.12%,AP2A1;FES;ATP6AP1;AKT1;CD7;NCSTN;RASGRP4
prerank,GO_Molecular_Function_2021__mRNA binding (GO:0003729),0.5714470689388631,1.2689256229419221,0.17681728880157171,1.0,0.998,6/15,16.14%,SHFL;RNF40;CPEB4;HNRNPL;CELF2;ZFP36
prerank,KEGG_2021_Human__Human cytomegalovirus infection,0.5045897704101341,1.256429375721487,0.1264591439688716,1.0,0.999,5/24,12.28%,GNA13;NFATC3;IL10RB;AKT3;CCL5
prerank,KEGG_2021_Human__Endocytosis,-0.49051814340248606,-1.245985386716171,0.1328125,1.0,1.0,8/25,12.64%,CLTA;EPN1;AGAP2;AP2A1;SNX1;ACAP3;ARF3;ARAP3
prerank,Reactome_2022__GPCR Ligand Binding R-HSA-500792,0.5139950185741944,1.2437116975547207,0.16096579476861167,1.0,0.999,8/22,14.60%,PLPPR2;DRD5;C5AR1;MC5R;CCL5;GPHA2;NPBWR1;AVPR2
prerank,GO_Biological_Process_2021__cellular response to cytokine stimulus (GO:0071345),0.4909657933267765,1.2408831738117603,0.142570281124498,1.0,0.999,7/27,19.11%,IL10RB;ALOX5;IFNE;PTPRJ;CCL5;ZFP36;INPPL1
prerank,"GO_Biological_Process_2021__transcription, DNA-templated (GO:0006351)",-0.5132602560306033,-1.2292235810814476,0.18271119842829076,1.0,1.0,4/21,5.52%,TRIP11;HSF1;FOXE3;TAF6
prerank,GO_Molecular_Function_2021__kinase binding (GO:0019900),-0.45768145234288404,-1.2281444220291189,0.14845360824742268,1.0,1.0,10/34,18.52%,HSF1;AGAP2;AP2A1;AXIN1;WDR45;PPP1R15A;MOB1B;RPS7;RHOF;ACTBL2
prerank,GO_Biological_Process_2021__intracellular protein transport (GO:0006886),-0.5029847974242866,-1.2228338749613714,0.1680161943319838,1.0,1.0,6/23,12.05%,AP2A1;SNX1;TBC1D17;AKT1;ARF3;RANBP3
prerank,"GO_Biological_Process_2021__positive regulation of transcription, DNA-templated (GO:0045893)",0.3961223551119241,1.222357234927096,0.107421875,1.0,0.999,13/80,8.43%,UBE2V1;ATAD2;HMGA1;KAT6B;MCRS1;KAT6A;REL;NFATC3;SENP1;RNF187;ZNF451;FOXC2;DVL3
prerank,Reactome_2022__Developmental Biology R-HSA-1266738,-0.37200148510719183,-1.2208785883757174,0.06782945736434108,1.0,1.0,26/127,18.28%,CLTA;KRTAP2-3;KRTAP19-3;KRTAP10-1;H2AC20;PSMB8;AGAP2;AP2A1;FOXL2;MAP4K2;FES;KRTAP10-2;AKT1;NCSTN;RBM8A;MED25;KRTAP4-4;KRTAP1-5;LYPLA2;PSMA5;H2AC4;KRTAP10-3;RPS7;KRTAP13-2;H2BC3;RPL15
prerank,MSigDB_Hallmark_2020__Mitotic Spindle,-0.4682416717866658,-1.2204361942387079,0.17261904761904762,1.0,1.0,10/29,22.02%,VCL;CDC27;ARAP3;DOCK2;TAOK2;SMC3;RHOF;ACTN4;CYTH2;YWHAE
prerank,Reactome_2022__Signaling By NOTCH R-HSA-157118,-0.4733612634456587,-1.219019546857041,0.1627450980392157,1.0,1.0,7/29,14.84%,H2AC20;PSMB8;SKP1;AKT1;NCSTN;PSMA5;H2AC4
prerank,MSigDB_Hallmark_2020__Hypoxia,0.54019961494947,1.209834497829774,0.2119460500963391,1.0,0.999,5/17,16.14%,ZNF292;TIPARP;NDRG1;MIF;ZFP36
prerank,GO_Biological_Process_2021__endoplasmic reticulum to Golgi vesicle-mediated transport (GO:0006888),0.5428601914539688,1.2066726535201449,0.21073558648111332,1.0,0.999,4/15,9.08%,PEF1;VTI1A;ARFGAP2;CD59
prerank,KEGG_2021_Human__Lipid and atherosclerosis,0.508628706575147,1.2033536530248605,0.20930232558139536,1.0,0.999,7/20,20.89%,NFATC3;MAPK10;AKT3;CCL5;MIB1;NCF4;CASP8
prerank,GO_Molecular_Function_2021__G protein-coupled receptor activity (GO:0004930),0.4764648647269353,1.1952335883550151,0.20281124497991967,1.0,0.999,8/26,17.74%,GPR52;DRD5;C5AR1;MC5R;OR56A1;NPBWR1;AVPR2;GPR151
prerank,GO_Biological_Process_2021__organelle assembly (GO:0070925),0.4861250859379834,1.1905362695233312,0.22960151802656548,1.0,0.999,4/22,1.96%,CHMP6;TMEM250;ABCC4;CSDE1
prerank,Reactome_2022__Chromatin Modifying Enzymes R-HSA-3247509,0.46076790512568766,1.182221637618429,0.17857142857142858,1.0,0.999,8/28,16.50%,KAT6B;MCRS1;KAT6A;H2BC18;H2BC1;GPS2;EZH2;H3C13
prerank,GO_Biological_Process_2021__regulation of protein phosphorylation (GO:0001932),-0.5170026501666414,-1.1820481376981165,0.22792607802874743,1.0,1.0,8/18,18.87%,AXIN1;AKT1;PTEN;FBH1;MYADM;MOB1B;BRAT1;PHIP
prerank,GO_Cellular_Component_2021__lytic vacuole membrane (GO:0098852),0.5186528104057878,1.178546377638065,0.23014256619144602,1.0,0.999,3/16,14.54%,GPR137;PIP4P1;MFSD12
prerank,Reactome_2022__Asparagine N-linked Glycosylation R-HSA-446203,0.5122486074949257,1.177193868933687,0.2372549019607843,1.0,1.0,4/19,9.08%,ARFGAP2;ALG10B;UGGT1;CD59
prerank,Reactome_2022__Cytokine Signaling In Immune System R-HSA-1280215,0.4286398368844349,1.175344558426694,0.18929254302103252,0.9870081787890008,1.0,15/42,20.89%,UBE2V1;TNFSF12;KPNA5;IL10RB;MAPK10;ALOX5;PTPRJ;AKT3;CCL5;IFI6;H3C13;NFKBIB;INPPL1;ARIH1;CASP8
prerank,GO_Biological_Process_2021__chromatin assembly (GO:0031497),0.5029302854917468,1.1752942352949762,0.23121387283236994,0.9581146416359954,1.0,5/20,16.50%,KAT6B;H2BC18;H2BC1;H3C1;H3C13
prerank,Reactome_2022__Neuronal System R-HSA-112316,-0.522661241342448,-1.1739781715479876,0.2440944881889764,1.0,1.0,7/15,12.70%,DLGAP4;GABRA1;AP2A1;KCNA10;DBNL;PRKAA1;LRFN1
prerank,Reactome_2022__HCMV Infection R-HSA-9609646,0.47250563811017315,1.1701533408789973,0.22437137330754353,0.9528481514782885,1.0,7/25,16.50%,CHMP6;H2BC18;H2BC1;GPS2;EZH2;MVB12A;H3C13
prerank,GO_Cellular_Component_2021__vesicle (GO:0031982),-0.4887453581508387,-1.1683421654634614,0.22504892367906065,1.0,1.0,4/19,10.15%,CAPS;VCL;SNX1;AKT1
prerank,"GO_Biological_Process_2021__regulation of transcription, DNA-templated (GO:0006355)",0.3559366505181437,1.1678328232773934,0.11797752808988764,0.9365358509194125,1.0,22/138,8.78%,ZNF292;UBE2V1;ATAD2;HMGA1;ATOH7;ZNF524;MGA;KAT6B;KAT6A;REL;NFATC3;FOXS1;FOXD4;RNF187;IRF2BP1;ZNF213;PQBP1;ZNF460;FOXC2;DVL3;PHC2;CCDC85B
prerank,GO_Biological_Process_2021__regulation of cell cycle (GO:0051726),-0.4471409546800069,-1.1611732414640374,0.20638297872340425,1.0,1.0,7/28,11.81%,FOXE3;TAF6;EVI2B;PPP1R15A;FZD9;CDK11B;MED25
prerank,GO_Cellular_Component_2021__dendrite (GO:0030425),0.4776709158637111,1.160630220783153,0.2245762711864407,0.9432442438736404,1.0,6/23,10.50%,OR10H1;MCRS1;OR10J5;OR6T1;OPA1;CPEB4
prerank,GO_Cellular_Component_2021__microtubule cytoskeleton (GO:0015630),-0.4578032324494091,-1.1594767022322305,0.22792607802874743,1.0,1.0,6/23,10.15%,PCIF1;CDC27;KIF21B;FES;CCDC66;AKT1
prerank,KEGG_2021_Human__Alzheimer disease,-0.44242873489973555,-1.1532173672506887,0.23877551020408164,1.0,1.0,11/29,19.41%,FZD10;AXIN1;FZD9;ADRM1;AKT1;NCSTN;BRAF;PSMA5;ATP5F1A;VDAC2;PPP3R2
prerank,GO_Molecular_Function_2021__ubiquitin-protein transferase activity (GO:0004842),0.4618691655535936,1.147701185186911,0.23742454728370221,0.9775619166390616,1.0,11/27,23.15%,RNF187;IRF2BP1;TRIML2;RNF40;RNF220;RNF38;MIB1;ARIH1;ANKIB1;ANAPC11;FANCL
prerank,Reactome_2022__TCF Dependent Signaling In Response To WNT R-HSA-201681,-0.4645974846228183,-1.1470052835992322,0.23293172690763053,1.0,1.0,7/23,18.16%,H2AC20;PSMB8;AXIN1;AKT1;PSMA5;H2AC4;H2BC3
prerank,Reactome_2022__Processing Of Capped Intron-Containing Pre-mRNA R-HSA-72203,0.5043507956522445,1.146752616160571,0.2682445759368836,0.9567206827480801,1.0,7/16,24.69%,PQBP1;PRCC;HNRNPL;ZMAT5;SF3B4;POLR2E;XAB2
prerank,GO_Cellular_Component_2021__cytoskeleton (GO:0005856),-0.4189502751707956,-1.1444255898341036,0.22746781115879827,1.0,1.0,10/36,18.22%,PCIF1;VCL;FHOD1;FES;AKT1;CDK16;TAOK2;PEAK3;RHOF;ACTN4
prerank,GO_Biological_Process_2021__negative regulation of macromolecule metabolic process (GO:0010605),0.5093248362064544,1.1419892450517977,0.27058823529411763,0.9542299148463532,1.0,4/15,14.78%,TIPARP;REL;TNRC6B;MIF
prerank,GO_Biological_Process_2021__regulation of nucleic acid-templated transcription (GO:1903506),0.4238228866903573,1.137634993266467,0.23863636363636365,0.9496257032174171,1.0,10/39,21.66%,UBE2V1;HMGA1;KAT6B;PQBP1;ZNF460;EZH2;MLX;REST;NFIA;FOXN2
prerank,GO_Biological_Process_2021__regulation of mitotic cell cycle phase transition (GO:1901990),-0.4967605165134453,-1.1327588588566349,0.2785862785862786,1.0,1.0,4/17,14.72%,PSMB8;SKP1;CDC27;PSMA5
prerank,Reactome_2022__GPCR Downstream Signaling R-HSA-388396,0.4238071471565495,1.128344827623032,0.23976608187134502,0.9670139807126108,1.0,9/36,14.60%,GNA13;DRD5;C5AR1;MC5R;AKT3;CCL5;GPHA2;NPBWR1;AVPR2
prerank,Reactome_2022__Ub-specific Processing Proteases R-HSA-5689880,-0.44369852667629595,-1.124349567438547,0.25732217573221755,1.0,1.0,9/27,18.81%,H2AC20;PSMB8;AXIN1;ADRM1;PTEN;PSMA5;H2AC4;H2BC3;VDAC2
prerank,GO_Cellular_Component_2021__secretory granule lumen (GO:0034774),-0.45750730712913434,-1.1239089170372247,0.28252032520325204,1.0,1.0,6/23,14.72%,QSOX1;VCL;DBNL;GPI;DOCK2;PSMA5
prerank,GO_Biological_Process_2021__protein transport (GO:0015031),-0.45448094161003405,-1.1199272515571375,0.26953125,1.0,1.0,6/24,13.41%,AP2A1;SNX1;TBC1D17;ATP6AP1;ARF3;RCN3
prerank,"GO_Biological_Process_2021__mRNA splicing, via spliceosome (GO:0000398)",0.4634311108368243,1.1191518742541267,0.29320388349514565,0.9610287435629902,1.0,6/20,15.55%,PQBP1;PRCC;ESS2;HNRNPL;ZMAT5;SF3B4
prerank,"GO_Biological_Process_2021__RNA splicing, via transesterification reactions with bulged adenosine as nucleophile (GO:0000377)",0.4634311108368243,1.1191518742541267,0.29320388349514565,0.9610287435629902,1.0,6/20,15.55%,PQBP1;PRCC;ESS2;HNRNPL;ZMAT5;SF3B4
prerank,GO_Biological_Process_2021__negative regulation of transcription by RNA polymerase II (GO:0000122),0.4226309224276969,1.1188137312886361,0.2632696390658174,0.9413180303591263,1.0,11/33,16.74%,NFATC3;RIF1;IRF2BP1;ZNF451;FOXC2;GPS2;ZGPAT;EZH2;FOXD3;ZFP36;MLX
prerank,GO_Biological_Process_2021__transcription by RNA polymerase II (GO:0006366),-0.46244156363854494,-1.118558185392051,0.3008298755186722,1.0,1.0,4/23,9.67%,TRIP11;FOXE3;TAF6;ADRM1
prerank,Reactome_2022__SARS-CoV-2 Infection R-HSA-9694516,0.4246960533276303,1.1182594057562454,0.26145038167938933,0.922987460360897,1.0,9/31,24.33%,CHMP6;UBE2V1;PARP4;AKT3;RPS10;MAP1LC3B;EDEM2;PARP10;RPS14
prerank,GO_Molecular_Function_2021__transition metal ion binding (GO:0046914),0.4984559585594885,1.117420481245639,0.2919847328244275,0.9065397370556217,1.0,6/15,20.47%,KAT6A;ADAM30;ALOX5;PLSCR3;ARIH1;CHMP1A
prerank,Reactome_2022__MAPK Family Signaling Cascades R-HSA-5683057,-0.4567613894352825,-1.1128059659123473,0.30417495029821073,1.0,1.0,5/22,14.72%,PSMB8;VCL;BRAF;RASGRP4;PSMA5
prerank,KEGG_2021_Human__Pathways of neurodegeneration,-0.4341679642784493,-1.1097473042202521,0.27010309278350514,1.0,1.0,9/27,19.41%,FZD10;AXIN1;FZD9;ADRM1;BRAF;PSMA5;ATP5F1A;VDAC2;PPP3R2
prerank,GO_Cellular_Component_2021__nucleus (GO:0005634),0.31235362611263306,1.1082280487414697,0.15547024952015356,0.9267208132790324,1.0,58/293,16.74%,ZNF292;TMEM250;TIPARP;UBE2V1;ATAD2;HMGA1;ATOH7;SHFL;KAT6B;MCRS1;GNA13;KAT6A;REL;PTMS;NFATC3;RIF1;H2BC18;SENP1;H2BC1;PDS5A;FOXS1;RNF187;IRF2BP1;MELK;ZNF451;KPNA5;PARP4;MAPK10;LDHAL6B;PQBP1;TESK1;RNF40;FOXC2;NDRG1;PHC2;CCDC85B;RNF38;H3C1;CPEB4;PRCC;ESS2;GPS2;FAF1;HNRNPL;PLSCR3;OMP;EDC4;ZGPAT;CELF2;EZH2;NEK1;SF3B4;USF1;ZFP36;ERCC6;H3C13;DCUN1D1;MLX
prerank,GO_Cellular_Component_2021__neuron projection (GO:0043005),0.4297457871994908,1.1072694913982501,0.27564102564102566,0.9119071545686027,1.0,11/32,18.81%,OR10H1;MCRS1;OR10J5;OR6T1;OPA1;RNF40;CPEB4;OMP;NPBWR1;OR10H3;OR5T2
prerank,GO_Biological_Process_2021__phosphorylation (GO:0016310),-0.417440155030825,-1.1046414079830014,0.28205128205128205,1.0,1.0,10/33,16.50%,MAP4K2;PRKAA1;AKT1;CDK11B;BRAF;BRD2;CDK16;TAOK2;PEAK3;CDK17
prerank,GO_Biological_Process_2021__mRNA processing (GO:0006397),0.45036396270491386,1.104145779913787,0.29549902152641877,0.9065346168085895,1.0,6/22,15.55%,PQBP1;PRCC;ESS2;HNRNPL;ZMAT5;SF3B4
prerank,Reactome_2022__Apoptosis R-HSA-109581,-0.46457811206345934,-1.1021562661883502,0.30620985010706636,1.0,1.0,4/18,14.72%,PSMB8;DBNL;AKT1;PSMA5
prerank,GO_Biological_Process_2021__regulation of apoptotic process (GO:0042981),-0.3733744495841729,-1.0974165098915756,0.270042194092827,1.0,1.0,11/55,11.93%,TCIM;HS1BP3;FOXE3;EVI2B;FOXL2;CALHM2;FZD9;PRKAA1;AKT1;NCSTN;BRAF
prerank,KEGG_2021_Human__Huntington disease,-0.46405996719481163,-1.0974111109696534,0.31160896130346233,1.0,1.0,6/19,18.81%,CLTA;AP2A1;ADRM1;PSMA5;ATP5F1A;VDAC2
prerank,GO_Molecular_Function_2021__RNA polymerase II cis-regulatory region sequence-specific DNA binding (GO:0000978),0.3787147753255282,1.0965362140406694,0.28599221789883267,0.9178880734078155,1.0,18/56,21.19%,ATOH7;ZNF524;MGA;REL;NFATC3;FOXS1;FOXD4;ZNF213;ZNF460;FOXC2;ZGPAT;FOXD3;USF1;MLX;FOXD4L5;CALCOCO1;REST;NFIA
prerank,GO_Biological_Process_2021__cytokine-mediated signaling pathway (GO:0019221),0.40264829407021907,1.0894797407622343,0.28316831683168314,0.9288760573007147,1.0,11/40,16.50%,UBE2V1;TNFSF12;IL10RB;ALOX5;IFNE;PTPRJ;H3C1;CCL5;MIF;IFI6;H3C13
prerank,GO_Molecular_Function_2021__purine ribonucleoside triphosphate binding (GO:0035639),-0.405479569694004,-1.087953985717898,0.29559748427672955,1.0,1.0,10/35,19.53%,AGAP2;MAP4K2;AKT1;CDK11B;ARF3;RASEF;ATP5F1A;RHOF;RABL6;ARL14
prerank,GO_Biological_Process_2021__protein-containing complex assembly (GO:0065003),-0.4612847601441207,-1.085345300436172,0.34331337325349304,1.0,1.0,5/16,8.90%,HSF1;SKP1;AXIN1;DBNL;SEC24C
prerank,GO_Biological_Process_2021__protein phosphorylation (GO:0006468),-0.3928378088452308,-1.0836777630942451,0.2975206611570248,1.0,1.0,12/39,16.50%,CSNK1G3;MAP4K2;FES;PRKAA1;AKT1;CDK11B;BRAF;BRD2;CDK16;TAOK2;PEAK3;CDK17
prerank,GO_Molecular_Function_2021__transcription cis-regulatory region binding (GO:0000976),0.43109687430309684,1.0831746787844527,0.35542168674698793,0.9371965659119963,1.0,9/27,21.66%,TIPARP;HMGA1;FOXC2;HNRNPL;FOXD3;MLX;CALCOCO1;REST;FOXN2
prerank,Reactome_2022__Adaptive Immune System R-HSA-1280218,-0.377731099626163,-1.0829899137264496,0.29124236252545826,1.0,1.0,11/52,12.17%,CLTA;FBXW12;PSMB8;SKP1;AP2A1;CDC27;SEC24C;AKT1;MAP3K14;PTEN;HECTD3
prerank,Reactome_2022__Signal Transduction R-HSA-162582,-0.3258884529247026,-1.081488094331842,0.24152542372881355,1.0,1.0,36/156,18.87%,CLTA;EPN1;H2AC20;GABRA1;PSMB8;SKP1;VCL;ANKRD26;AP2A1;RGS3;FZD10;AXIN1;FES;PPP1R15A;KIDINS220;FZD9;PRKAA1;ATP6AP1;AKT1;NCSTN;PTEN;BRAF;ARAP3;DOCK2;ADRA2B;MOB1B;RASGRP4;PSMA5;H2AC4;PDE4D;SMC3;RHOF;PIK3R5;H2BC3;DERL2;PHIP
prerank,Reactome_2022__Signaling By GPCR R-HSA-372790,0.3966310704427162,1.0787055295006172,0.30118110236220474,0.9378899447392598,1.0,10/40,14.60%,PLPPR2;GNA13;DRD5;C5AR1;MC5R;AKT3;CCL5;GPHA2;NPBWR1;AVPR2
prerank,Reactome_2022__DNA Replication R-HSA-69306,-0.44844065024663804,-1.0742811883164871,0.3373253493013972,1.0,1.0,7/22,18.16%,H2AC20;PSMB8;SKP1;CDC27;PSMA5;H2AC4;H2BC3
prerank,KEGG_2021_Human__Influenza A,0.4642946324865237,1.0732505039663731,0.3485148514851485,0.9421089832048736,1.0,5/17,20.89%,KPNA5;AKT3;CCL5;NFKBIB;CASP8
prerank,Reactome_2022__HCMV Late Events R-HSA-9610379,0.44317341848221564,1.0716763508410083,0.33528265107212474,0.9312357856878406,1.0,3/22,4.39%,CHMP6;H2BC18;H2BC1
prerank,GO_Biological_Process_2021__negative regulation of gene expression (GO:0010629),0.4416451338532771,1.0707298846493325,0.3228346456692913,0.9184869801308158,1.0,8/22,16.50%,TIPARP;REL;TNRC6B;H3C1;EZH2;MIF;ZFP36;H3C13
prerank,GO_Molecular_Function_2021__DNA binding (GO:0003677),0.36200405084414444,1.0688307368729681,0.307843137254902,0.9098162877095328,1.0,10/61,8.13%,ZNF292;HMGA1;KAT6A;H2BC18;H2BC1;FOXS1;FOXD4;PARP4;PQBP1;FOXC2
prerank,KEGG_2021_Human__Viral carcinogenesis,0.407660046496595,1.0672888613069962,0.3150684931506849,0.9005453096467725,1.0,8/36,23.38%,REL;H2BC18;H2BC1;H4C8;GTF2A1;CASP8;H4C4;H4C7
prerank,GO_Biological_Process_2021__protein modification by small protein conjugation (GO:0032446),0.40339376965480656,1.0661430820240494,0.30495049504950494,0.8894545230161668,1.0,7/34,8.96%,H2BC1;RNF187;TRIML2;ZNF451;RNF40;RNF220;RNF38
prerank,GO_Molecular_Function_2021__GTPase activator activity (GO:0005096),-0.4316835658042723,-1.0605011775265294,0.35470941883767537,1.0,1.0,8/25,14.12%,AGAP2;RGS3;TBC1D17;DENND1B;RANBP3;ARAP3;DOCK2;RASGRP4
prerank,KEGG_2021_Human__PI3K-Akt signaling pathway,-0.4169528046494728,-1.0573986191683962,0.34575569358178054,1.0,1.0,6/26,22.08%,PRKAA1;AKT1;PTEN;PIK3R5;YWHAE;GNG10
prerank,GO_Cellular_Component_2021__bounding membrane of organelle (GO:0098588),-0.3805365297549967,-1.0572129474677145,0.33669354838709675,1.0,1.0,10/46,11.69%,QSOX1;TRIP11;B3GAT3;AP2A1;FUT4;GPR108;SNX1;ATP6AP1;NCSTN;ARF3
prerank,Reactome_2022__Cellular Response To Chemical Stress R-HSA-9711123,-0.4677871780320921,-1.056168153013157,0.36907216494845363,1.0,1.0,4/15,14.72%,PSMB8;SKP1;AKT1;PSMA5
prerank,GO_Biological_Process_2021__RNA processing (GO:0006396),0.4655884999509654,1.0540307846515287,0.3850687622789784,0.920545517446483,1.0,4/16,15.55%,HNRNPL;CELF2;ZMAT5;SF3B4
prerank,GO_Biological_Process_2021__regulation of cell growth (GO:0001558),-0.4729704601560221,-1.0510608183200922,0.37422037422037424,1.0,1.0,6/15,18.69%,ADAM15;AKT1;CDK11B;TAOK2;BRAT1;DERL2
prerank,Reactome_2022__RUNX1 Regulates Transcription Of Genes Involved In Differentiation Of HSCs R-HSA-8939236,-0.4718105514803328,-1.0496965064288293,0.375,1.0,1.0,5/16,18.16%,H2AC20;PSMB8;PSMA5;H2AC4;H2BC3
prerank,GO_Molecular_Function_2021__RNA polymerase II transcription regulatory region sequence-specific DNA binding (GO:0000977),0.3572727376724176,1.047993102902452,0.37401574803149606,0.9277776450776892,1.0,19/62,21.19%,ATOH7;ZNF524;MGA;REL;NFATC3;FOXS1;FOXD4;ZNF213;ZNF460;FOXC2;ZGPAT;FOXD3;USF1;MLX;GTF2A1;FOXD4L5;CALCOCO1;REST;NFIA
prerank,GO_Molecular_Function_2021__protein serine/threonine kinase activity (GO:0004674),-0.3798527248108884,-1.045042383167215,0.35355648535564854,1.0,1.0,11/38,15.96%,CSNK1G3;MAP4K2;PRKAA1;AKT1;MAP3K14;CDK11B;BRAF;BRD2;PHKG2;CDK16;TAOK2
prerank,KEGG_2021_Human__Pathways in cancer,-0.3831955283317728,-1.0443527575739389,0.363265306122449,1.0,1.0,8/36,14.12%,SKP1;FZD10;AXIN1;FZD9;AKT1;PTEN;BRAF;RASGRP4
prerank,Reactome_2022__Translation R-HSA-72766,-0.4533610028132948,-1.0403477425561605,0.39,1.0,1.0,6/17,22.49%,MRPL41;MRPS34;RPS7;RPL15;RPSA;MRPL38
prerank,Reactome_2022__Cellular Senescence R-HSA-2559583,0.39660234020819074,1.026042374720994,0.3865877712031558,0.9961331194207907,1.0,9/31,16.50%,HMGA1;H2BC1;MAPK10;PHC2;TNRC6B;CDC26;EZH2;ANAPC15;H3C13
prerank,GO_Biological_Process_2021__positive regulation of protein phosphorylation (GO:0001934),-0.43140218793320645,-1.0201443737890805,0.4146825396825397,1.0,1.0,7/22,17.03%,AGAP2;AXIN1;AKT1;BRAF;FBH1;TAOK2;BRAT1
prerank,KEGG_2021_Human__Pathogenic Escherichia coli infection,0.4392701940785406,1.0191276821598516,0.43673469387755104,1.0,1.0,5/18,20.89%,GNA13;MAPK10;CLDN9;NFKBIB;CASP8
prerank,GO_Biological_Process_2021__cellular protein localization (GO:0034613),-0.4161732953078595,-1.0181466795009657,0.4158004158004158,1.0,1.0,6/23,11.69%,VCL;AP2A1;SNX1;TBC1D17;WDR45;ARF3
prerank,Reactome_2022__Deubiquitination R-HSA-5688426,-0.381752808361232,-1.0174389892113582,0.3983739837398374,1.0,1.0,12/33,19.29%,H2AC20;PSMB8;AXIN1;ADRM1;PTEN;YOD1;PSMA5;H2AC4;JOSD2;H2BC3;VDAC2;VCPIP1
prerank,GO_Cellular_Component_2021__lysosome (GO:0005764),0.4105413977594982,1.0173510341268133,0.42745098039215684,0.9984621080511491,1.0,7/25,23.74%,GPR137;PIP4P1;GUSB;MFSD12;ARSA;ABCD1;HEXA
prerank,"GO_Biological_Process_2021__nuclear-transcribed mRNA catabolic process, nonsense-mediated decay (GO:0000184)",-0.4230576702967935,-1.0157881611118924,0.4096638655462185,1.0,1.0,5/20,19.35%,RBM8A;RPS18;RPS7;RPL15;RPSA
prerank,GO_Biological_Process_2021__cellular protein modification process (GO:0006464),-0.3341148425377558,-1.0148124505007592,0.40041928721174,1.0,1.0,19/72,16.50%,QSOX1;FBXW12;PSMB8;SKP1;CSNK1G3;FUT4;MAP4K2;WDR45;PRKAA1;AKT1;CDK11B;PTEN;BRAF;BRD2;PSMA5;CDK16;TAOK2;PEAK3;CDK17
prerank,GO_Biological_Process_2021__membrane organization (GO:0061024),-0.4336494311821444,-1.0147052742419296,0.43209876543209874,1.0,1.0,3/18,3.44%,CLTA;EPN1;AP2A1
prerank,KEGG_2021_Human__Amyotrophic lateral sclerosis,-0.4615579422224876,-1.013491865141196,0.42418032786885246,1.0,1.0,6/15,23.56%,ADRM1;PSMA5;ATP5F1A;PPP3R2;NDUFA3;NDUFA10
prerank,Reactome_2022__Oxidative Stress Induced Senescence R-HSA-2559580,0.42923036416158256,1.013103582638092,0.40365111561866124,0.9994194069536536,1.0,6/20,16.50%,H2BC1;MAPK10;PHC2;TNRC6B;EZH2;H3C13
prerank,GO_Cellular_Component_2021__ficolin-1-rich granule (GO:0101002),-0.4234487141727061,-1.0055789760085683,0.45233265720081134,1.0,1.0,5/19,16.44%,VCL;DBNL;GPI;PSMA5;MGAM
prerank,GO_Cellular_Component_2021__intracellular membrane-bounded organelle (GO:0043231),0.28052808045508193,1.0031275289119408,0.4372623574144487,1.0,1.0,65/339,16.74%,ZNF292;TMEM250;TIPARP;UBE2V1;VTI1A;ATAD2;HMGA1;ATOH7;SHFL;KAT6B;MCRS1;GNA13;KAT6A;REL;PTMS;NFATC3;RIF1;PPIAL4D;H2BC18;SENP1;H2BC1;PDS5A;FOXS1;RNF187;IRF2BP1;MELK;ZNF451;KPNA5;PARP4;MAPK10;LDHAL6B;PQBP1;TESK1;RNF40;GUSB;FOXC2;NDRG1;PHC2;CCDC85B;RNF38;H3C1;CPEB4;PRCC;ESS2;GPS2;FAF1;G6PD;HNRNPL;PLSCR3;OMP;CLDN9;EDC4;ZGPAT;CELF2;EZH2;ADAMTSL3;NEK1;TRAPPC14;SF3B4;USF1;ZFP36;ERCC6;H3C13;DCUN1D1;MLX
prerank,Reactome_2022__Sensory Perception R-HSA-9709957,-0.29353382318792137,-1.0005141990265176,0.4474789915966387,1.0,1.0,24/181,10.50%,OR6S1;OR2T2;OR13C2;OR2T6;OR6Q1;OR5M10;OR4M1;OR6V1;OR1S2;OR13C9;OR56B4;OR5AU1;OR10A4;OR5K2;OR4A47;OR13C5;OR4L1;OR4C16;OR9A2;OR52E8;OR2T4;OR4S1;OR1M1;OR4A16
prerank,Reactome_2022__Expression And Translocation Of Olfactory Receptors R-HSA-9752946,-0.293766959268046,-0.9989897332364897,0.44654088050314467,1.0,1.0,24/179,10.50%,OR6S1;OR2T2;OR13C2;OR2T6;OR6Q1;OR5M10;OR4M1;OR6V1;OR1S2;OR13C9;OR56B4;OR5AU1;OR10A4;OR5K2;OR4A47;OR13C5;OR4L1;OR4C16;OR9A2;OR52E8;OR2T4;OR4S1;OR1M1;OR4A16
prerank,Reactome_2022__Olfactory Signaling Pathway R-HSA-381753,-0.293766959268046,-0.9989897332364897,0.44654088050314467,1.0,1.0,24/179,10.50%,OR6S1;OR2T2;OR13C2;OR2T6;OR6Q1;OR5M10;OR4M1;OR6V1;OR1S2;OR13C9;OR56B4;OR5AU1;OR10A4;OR5K2;OR4A47;OR13C5;OR4L1;OR4C16;OR9A2;OR52E8;OR2T4;OR4S1;OR1M1;OR4A16
prerank,GO_Molecular_Function_2021__sequence-specific double-stranded DNA binding (GO:1990837),0.3630264787113452,0.9986113492126741,0.484,1.0,1.0,12/39,21.66%,ATOH7;ZNF524;NFATC3;ZNF460;FOXC2;HNRNPL;FOXD3;USF1;MLX;CALCOCO1;REST;FOXN2
prerank,GO_Biological_Process_2021__nucleosome assembly (GO:0006334),0.4433491387699552,0.9970475100495526,0.45472061657032753,1.0,1.0,4/17,10.45%,KAT6B;H2BC18;H2BC1;H3C1
prerank,GO_Biological_Process_2021__regulation of cellular macromolecule biosynthetic process (GO:2000112),0.3723221525379013,0.9947814848963812,0.4514285714285714,1.0,1.0,5/39,7.66%,UBE2V1;HMGA1;KAT6B;PQBP1;ZNF460
prerank,GO_Biological_Process_2021__translation (GO:0006412),-0.42077923535699285,-0.9919716825054848,0.4547325102880658,1.0,1.0,6/18,19.35%,MRPL41;MRPS34;RPS18;RPS7;RPL15;RPSA
prerank,"GO_Biological_Process_2021__negative regulation of transcription, DNA-templated (GO:0045892)",0.3344400289906077,0.9847444112753818,0.46680497925311204,1.0,1.0,15/60,16.74%,HMGA1;KAT6B;KAT6A;RIF1;FOXS1;IRF2BP1;FOXC2;PHC2;CCDC85B;GPS2;ZGPAT;EZH2;FOXD3;ZFP36;MLX
prerank,GO_Cellular_Component_2021__nuclear lumen (GO:0031981),0.35192843301906607,0.9828283734671226,0.4699248120300752,1.0,1.0,13/40,24.33%,MCRS1;KAT6A;NOL10;H3C1;SF3B4;ERCC6;RPS10;NAA10;ANAPC11;PDHA2;DNAJC2;PARP10;RPS14
prerank,Reactome_2022__Class I MHC Mediated Antigen Processing And Presentation R-HSA-983169,-0.377727201016054,-0.9803581516368568,0.48187633262260127,1.0,1.0,7/31,14.72%,FBXW12;PSMB8;SKP1;CDC27;SEC24C;HECTD3;PSMA5
prerank,KEGG_2021_Human__cAMP signaling pathway,0.43346512812404664,0.978705784007538,0.47770700636942676,1.0,1.0,4/17,11.81%,ABCC4;MAPK10;DRD5;AKT3
prerank,MSigDB_Hallmark_2020__TNF-alpha Signaling via NF-kB,0.42912676430258084,0.9719995636880635,0.5020746887966805,1.0,1.0,4/17,16.14%,TIPARP;REL;CCL5;ZFP36
prerank,Reactome_2022__Metabolism Of Carbohydrates R-HSA-71387,-0.40442130987014113,-0.9694360139061484,0.5081967213114754,1.0,1.0,3/22,6.17%,B3GAT3;FUT4;MAP4K2
prerank,KEGG_2021_Human__Olfactory transduction,-0.28419217963700283,-0.9694252217516499,0.5450733752620545,1.0,1.0,24/185,10.50%,OR6S1;OR2T2;OR13C2;OR2T6;OR6Q1;OR5M10;OR4M1;OR6V1;OR1S2;OR13C9;OR56B4;OR5AU1;OR10A4;OR5K2;OR4A47;OR13C5;OR4L1;OR4C16;OR9A2;OR52E8;OR2T4;OR4S1;OR1M1;OR4A16
prerank,GO_Biological_Process_2021__cellular protein metabolic process (GO:0044267),-0.3672080825386966,-0.9689951351017655,0.5051334702258727,1.0,1.0,8/31,19.35%,QSOX1;CSNK1G3;MRPL41;NCSTN;RPS18;RPS7;RPL15;RPSA
prerank,GO_Molecular_Function_2021__double-stranded DNA binding (GO:0003690),0.3615560984283897,0.966361891222337,0.530938123752495,1.0,1.0,9/37,16.74%,ATOH7;ZNF524;NFATC3;PQBP1;ZNF460;FOXC2;FOXD3;USF1;MLX
prerank,GO_Molecular_Function_2021__ubiquitin protein ligase binding (GO:0031625),-0.39312320532784895,-0.965246386348725,0.4909090909090909,1.0,1.0,4/22,12.23%,VCL;AXIN1;GPI;YOD1
prerank,GO_Molecular_Function_2021__adenyl ribonucleotide binding (GO:0032559),-0.3726427297228099,-0.9647452965207607,0.48884381338742394,1.0,1.0,6/28,16.74%,AGAP2;MAP4K2;AKT1;CDK11B;PDE4D;ATP5F1A
prerank,GO_Biological_Process_2021__protein ubiquitination (GO:0016567),0.3539508356876567,0.9634933293785305,0.514,1.0,1.0,8/41,8.96%,UBE2V1;H2BC1;RNF187;IRF2BP1;TRIML2;RNF40;RNF220;RNF38
prerank,Reactome_2022__SARS-CoV Infections R-HSA-9679506,0.3617274829316244,0.9615967999882193,0.515748031496063,1.0,1.0,10/34,24.33%,CHMP6;UBE2V1;PARP4;AKT3;RPS10;MAP1LC3B;REST;EDEM2;PARP10;RPS14
prerank,Reactome_2022__Infectious Disease R-HSA-5663205,0.3091277811242811,0.959487371208318,0.5470249520153551,1.0,1.0,20/89,17.92%,CHMP6;UBE2V1;HMGA1;H2BC18;H2BC1;KPNA5;PARP4;DVL3;DRD5;MC5R;GPS2;AKT3;GPHA2;EZH2;MVB12A;AVPR2;H3C13;GTF2A1;RPS10;MAP1LC3B
prerank,GO_Molecular_Function_2021__protein homodimerization activity (GO:0042803),-0.36296780000980006,-0.9576561194117256,0.5530612244897959,1.0,1.0,7/34,10.15%,SNX1;AXIN1;CRPPA;SLC8B1;FZD9;CCDC66;AKT1
prerank,GO_Cellular_Component_2021__ficolin-1-rich granule lumen (GO:1904813),-0.4276502848294615,-0.9566272064501624,0.5212121212121212,1.0,1.0,4/15,14.72%,VCL;DBNL;GPI;PSMA5
prerank,GO_Molecular_Function_2021__ubiquitin-like protein ligase binding (GO:0044389),-0.3874834192740443,-0.9563364972855672,0.53099173553719,1.0,1.0,4/23,12.23%,VCL;AXIN1;GPI;YOD1
prerank,Reactome_2022__RAC1 GTPase Cycle R-HSA-9013149,0.41973748777972,0.9558352722233602,0.5163265306122449,1.0,1.0,4/16,19.94%,GNA13;ARHGAP5;OPHN1;NCF4
prerank,GO_Biological_Process_2021__positive regulation of macromolecule metabolic process (GO:0010604),-0.39285532746176577,-0.9557030570422181,0.506198347107438,1.0,1.0,5/22,17.51%,ATF7IP;PRKAA1;AKT1;BRAF;RPS7
prerank,KEGG_2021_Human__Herpes simplex virus 1 infection,0.41914646925006016,0.9552203256223142,0.5168986083499006,1.0,1.0,3/17,12.28%,ZNF460;AKT3;CCL5
prerank,GO_Biological_Process_2021__modification-dependent protein catabolic process (GO:0019941),0.41193419494224004,0.9547138268472016,0.49306930693069306,1.0,1.0,8/19,21.25%,RNF40;CDC26;ANAPC15;KLHL15;MIB1;ARIH1;ANKIB1;ANAPC11
prerank,Reactome_2022__S Phase R-HSA-69242,-0.44006625472893407,-0.9540619471076611,0.5164609053497943,1.0,1.0,6/15,17.09%,PSMB8;SKP1;CDC27;AKT1;PSMA5;SMC3
prerank,GO_Biological_Process_2021__positive regulation of multicellular organismal process (GO:0051240),-0.413185521076215,-0.95109609074179,0.5437100213219617,1.0,1.0,2/17,2.20%,CNOT3;HSF1
prerank,GO_Biological_Process_2021__DNA repair (GO:0006281),0.3970607184534405,0.9502078663023708,0.5339805825242718,1.0,1.0,3/20,6.11%,UBE2V1;PDS5A;PARP4
prerank,Reactome_2022__Transcriptional Regulation By RUNX1 R-HSA-8878171,-0.39149162635978674,-0.9456796666178264,0.5040485829959515,1.0,1.0,6/22,18.16%,H2AC20;PSMB8;AXIN1;PSMA5;H2AC4;H2BC3
prerank,KEGG_2021_Human__Salmonella infection,-0.3938478612725349,-0.9452008349688437,0.5256410256410257,1.0,1.0,3/21,10.15%,SKP1;FHOD1;AKT1
prerank,GO_Biological_Process_2021__plasma membrane bounded cell projection assembly (GO:0120031),0.411859083519442,0.9423621255785086,0.5264227642276422,1.0,1.0,5/17,15.61%,TMEM250;ABCC4;NEK1;TRAPPC14;OPHN1
prerank,GO_Biological_Process_2021__organelle organization (GO:0006996),0.37985855135313723,0.9403806950320414,0.5307377049180327,1.0,1.0,3/25,5.76%,MAST3;CHMP6;OPA1
prerank,GO_Biological_Process_2021__positive regulation of cellular process (GO:0048522),0.3466282488988938,0.9379866871837915,0.5343511450381679,1.0,1.0,10/40,17.09%,TMEM250;RNF187;CIDEB;PTPRJ;FAF1;CCL5;EZH2;ZFP36;CSPP1;KRT6A
prerank,GO_Biological_Process_2021__positive regulation of gene expression (GO:0010628),-0.36332327136765785,-0.9373801942104762,0.5771670190274841,1.0,1.0,4/29,11.93%,PCIF1;PRKAA1;AKT1;BRAF
prerank,MSigDB_Hallmark_2020__Glycolysis,0.42231108409622964,0.9370735063025292,0.545816733067729,1.0,1.0,5/15,14.78%,ZNF292;GUSB;G6PD;CLDN9;MIF
prerank,GO_Cellular_Component_2021__nucleolus (GO:0005730),0.33748595938198395,0.9368550019664735,0.5503875968992248,0.9962572397621996,1.0,13/40,24.33%,MCRS1;KAT6A;NOL10;SF3B4;ERCC6;RPS10;NAA10;ANAPC11;POLR2E;PDHA2;DNAJC2;PARP10;RPS14
prerank,KEGG_2021_Human__Dopaminergic synapse,0.4257813691033387,0.9352473083761695,0.5308880308880309,0.9899532159806134,1.0,3/15,11.81%,MAPK10;DRD5;AKT3
prerank,GO_Biological_Process_2021__positive regulation of protein kinase activity (GO:0045860),-0.42131472487762633,-0.9320793620670516,0.5416666666666666,1.0,1.0,2/15,6.41%,AGAP2;AXIN1
prerank,GO_Biological_Process_2021__negative regulation of nucleic acid-templated transcription (GO:1903507),0.3372735408932526,0.9310286310518759,0.5753715498938429,0.992183502572913,1.0,11/44,20.53%,HMGA1;KAT6B;KAT6A;FOXS1;PHC2;CCDC85B;ZGPAT;EZH2;MLX;CHMP1A;REST
prerank,Reactome_2022__Generic Transcription Pathway R-HSA-212436,-0.31252708574801313,-0.9294058050112516,0.5822510822510822,1.0,1.0,15/65,14.84%,CNOT3;H2AC20;PSMB8;SKP1;TAF6;MAP4K2;AXIN1;CDC27;PRKAA1;AKT1;PTEN;MED25;BRD2;PSMA5;H2AC4
prerank,GO_Biological_Process_2021__regulation of cell population proliferation (GO:0042127),0.34379596070209734,0.9290230233353902,0.6012024048096193,0.9876691760253403,1.0,8/40,17.09%,TMEM250;HMGA1;RNF187;PTPRJ;EZH2;AVPR2;TRAPPC14;KRT6A
prerank,Reactome_2022__RNA Polymerase II Transcription R-HSA-73857,-0.30344916919329445,-0.925019489642283,0.5995762711864406,1.0,1.0,16/74,14.84%,CNOT3;H2AC20;PSMB8;SKP1;TAF6;MAP4K2;AXIN1;CDC27;PRKAA1;AKT1;PTEN;RBM8A;MED25;BRD2;PSMA5;H2AC4
prerank,GO_Cellular_Component_2021__cell-substrate junction (GO:0030055),0.34872077879528035,0.9245691856029867,0.5964214711729622,0.9805848880446857,1.0,5/32,9.08%,HMGA1;GNA13;SENP1;PTPRA;CD59
prerank,GO_Cellular_Component_2021__focal adhesion (GO:0005925),0.34872077879528035,0.9245691856029867,0.5964214711729622,0.9805848880446857,1.0,5/32,9.08%,HMGA1;GNA13;SENP1;PTPRA;CD59
prerank,Reactome_2022__DNA Replication Pre-Initiation R-HSA-69002,-0.3914808760867623,-0.9244172698679415,0.5656565656565656,1.0,1.0,6/21,18.16%,H2AC20;PSMB8;CDC27;PSMA5;H2AC4;H2BC3
prerank,Reactome_2022__Assembly Of Pre-Replicative Complex R-HSA-68867,-0.3914808760867623,-0.9244172698679415,0.5656565656565656,1.0,1.0,6/21,18.16%,H2AC20;PSMB8;CDC27;PSMA5;H2AC4;H2BC3
prerank,GO_Biological_Process_2021__regulation of cell migration (GO:0030334),-0.3795961617715125,-0.9233259900509321,0.5801526717557252,1.0,1.0,5/23,12.76%,VCL;ADAM15;AKT1;PTEN;MYADM
prerank,GO_Cellular_Component_2021__endoplasmic reticulum membrane (GO:0005789),-0.3378602849276067,-0.922808486770393,0.593186372745491,1.0,1.0,10/39,18.69%,APOL2;PPP1R15A;ATP13A1;SEC24C;CERS2;FZD9;RNF186;YIF1B;GPAT4;DERL2
prerank,KEGG_2021_Human__NOD-like receptor signaling pathway,0.38395337569324334,0.9226853806657335,0.5700575815738963,0.976241376152998,1.0,5/22,23.56%,MAPK10;CCL5;NFKBIB;CASP8;ITPR2
prerank,GO_Biological_Process_2021__negative regulation of cellular process (GO:0048523),0.35537876067555063,0.9222299540263522,0.5681818181818182,0.9674115969656628,1.0,8/31,20.53%,HMGA1;ALOX5;CCDC85B;PTPRJ;AVPR2;MIF;CHMP1A;REST
prerank,KEGG_2021_Human__Kaposi sarcoma-associated herpesvirus infection,0.38034703689315696,0.9209543950790493,0.5968688845401174,0.9612229388725424,1.0,6/22,23.56%,NFATC3;MAPK10;AKT3;ZFP36;CASP8;ITPR2
prerank,Reactome_2022__Signaling By Interleukins R-HSA-449147,0.3725908678374451,0.9174691320091587,0.5811320754716981,0.9618929717388621,1.0,9/25,20.89%,UBE2V1;IL10RB;MAPK10;ALOX5;CCL5;H3C13;NFKBIB;INPPL1;CASP8
prerank,Reactome_2022__Antigen Processing: Ubiquitination And Proteasome Degradation R-HSA-983168,-0.3650391908587387,-0.9151897820415256,0.6033402922755741,1.0,1.0,6/26,14.72%,FBXW12;PSMB8;SKP1;CDC27;HECTD3;PSMA5
prerank,GO_Molecular_Function_2021__ATP binding (GO:0005524),-0.3600409299061068,-0.9140870496302195,0.5901639344262295,1.0,1.0,4/26,10.92%,AGAP2;MAP4K2;AKT1;CDK11B
prerank,Reactome_2022__HIV Infection R-HSA-162906,-0.40135438989711536,-0.9128657679738974,0.6008230452674898,1.0,1.0,6/16,14.72%,PSMB8;SKP1;AP2A1;TAF6;DOCK2;PSMA5
prerank,Reactome_2022__Post-translational Protein Modification R-HSA-597592,0.29640093538852674,0.9100820510625066,0.6526946107784432,0.9739424497227067,1.0,14/90,10.03%,ARFGAP2;ALG10B;MCRS1;ASB6;H2BC18;SENP1;H2BC1;RAB24;RNF40;USP19;PHC2;UGGT1;CD59;COPS6
prerank,GO_Molecular_Function_2021__cadherin binding (GO:0045296),-0.362911084724418,-0.9038317902040259,0.624,1.0,1.0,7/24,22.02%,VCL;SNX1;DBNL;LYPLA2;RPL15;VAPA;YWHAE
prerank,GO_Biological_Process_2021__cellular response to DNA damage stimulus (GO:0006974),0.3708204196573064,0.8985878170146278,0.6260162601626016,0.9984869549448807,1.0,4/22,9.91%,RIF1;PDS5A;PARP4;CIDEB
prerank,GO_Biological_Process_2021__positive regulation of cell population proliferation (GO:0008284),0.35793110507862913,0.8973656098468853,0.6216730038022814,0.9926458214129447,1.0,7/27,17.09%,TMEM250;RNF187;C5AR1;CCL5;EZH2;MIF;KRT6A
prerank,GO_Biological_Process_2021__proteasome-mediated ubiquitin-dependent protein catabolic process (GO:0043161),-0.3606805635368081,-0.8962803288140219,0.6390041493775933,1.0,1.0,9/26,18.69%,PSMB8;SKP1;CDC27;HECTD3;YOD1;RNF186;PSMA5;DMAC2;DERL2
prerank,Reactome_2022__Membrane Trafficking R-HSA-199991,-0.3120236271221928,-0.8917042748797193,0.7125984251968503,1.0,1.0,10/53,11.69%,CLTA;EPN1;TRIP11;AP2A1;TBC1D17;KIF21B;SEC24C;AKT1;DENND1B;ARF3
prerank,Reactome_2022__Vesicle-mediated Transport R-HSA-5653656,-0.3120236271221928,-0.8917042748797193,0.7125984251968503,1.0,1.0,10/53,11.69%,CLTA;EPN1;TRIP11;AP2A1;TBC1D17;KIF21B;SEC24C;AKT1;DENND1B;ARF3
prerank,GO_Molecular_Function_2021__GTPase regulator activity (GO:0030695),-0.3871574797856545,-0.8904377450682164,0.6128404669260701,1.0,1.0,5/19,12.64%,AGAP2;RGS3;TBC1D17;RANBP3;ARAP3
prerank,GO_Biological_Process_2021__negative regulation of cellular macromolecule biosynthetic process (GO:2000113),0.31931749975227425,0.890228083747744,0.6497890295358649,1.0,1.0,9/47,14.01%,HMGA1;KAT6B;KAT6A;PDS5A;FOXS1;PHC2;CCDC85B;ZGPAT;EZH2
prerank,Reactome_2022__HCMV Early Events R-HSA-9609690,0.37122976392525825,0.8901048363947547,0.639921722113503,0.9936638795312334,1.0,5/22,16.50%,H2BC18;H2BC1;GPS2;EZH2;H3C13
prerank,Reactome_2022__Transcriptional Regulation By TP53 R-HSA-3700989,-0.35703399816741743,-0.8881085827333913,0.6208333333333333,1.0,1.0,5/23,11.57%,CNOT3;TAF6;PRKAA1;AKT1;PTEN
prerank,KEGG_2021_Human__MAPK signaling pathway,-0.3753661252946193,-0.8868857233517952,0.6421267893660532,1.0,1.0,7/20,19.41%,MAP4K2;AKT1;MAP3K14;BRAF;RASGRP4;TAOK2;PPP3R2
prerank,Reactome_2022__Nonsense Mediated Decay (NMD) Enhanced By Exon Junction Complex (EJC) R-HSA-975957,-0.3878036054092078,-0.8860852386225693,0.648936170212766,1.0,1.0,4/17,19.35%,RBM8A;RPS7;RPL15;RPSA
prerank,Reactome_2022__Gene Expression (Transcription) R-HSA-74160,-0.2872964208581513,-0.8828958272350422,0.720682302771855,1.0,1.0,16/79,14.84%,CNOT3;H2AC20;PSMB8;SKP1;TAF6;MAP4K2;AXIN1;CDC27;PRKAA1;AKT1;PTEN;RBM8A;MED25;BRD2;PSMA5;H2AC4
prerank,GO_Biological_Process_2021__protein deubiquitination (GO:0016579),-0.3595224555891916,-0.8822406947383905,0.6430107526881721,1.0,1.0,7/21,19.29%,PSMB8;ADRM1;PTEN;YOD1;PSMA5;JOSD2;VCPIP1
prerank,GO_Biological_Process_2021__cilium assembly (GO:0060271),0.3978525383859018,0.8804382499543497,0.6427145708582834,1.0,1.0,2/15,1.54%,TMEM250;ABCC4
prerank,Reactome_2022__Intra-Golgi And Retrograde Golgi-to-ER Traffic R-HSA-6811442,0.3964323573626224,0.8804292296701401,0.6114519427402862,1.0,1.0,2/16,2.08%,VTI1A;ARFGAP2
prerank,GO_Biological_Process_2021__peptide biosynthetic process (GO:0043043),-0.3764008095855335,-0.8783054008241938,0.6424242424242425,1.0,1.0,5/17,19.35%,MRPL41;RPS18;RPS7;RPL15;RPSA
prerank,GO_Biological_Process_2021__sensory perception of smell (GO:0007608),0.318778151839027,0.8772543980052471,0.6872586872586872,1.0,1.0,12/42,25.52%,OR5B12;OR8A1;OR5L1;OR6K6;OMP;OR9G4;OR2D2;OR52D1;OR8U3;OR6K2;OR5M8;OR8B12
prerank,GO_Biological_Process_2021__protein-DNA complex assembly (GO:0065004),0.3767022489310377,0.8767379235694328,0.6285714285714286,0.9930625341584246,1.0,4/20,10.45%,KAT6B;H2BC18;H2BC1;H3C1
prerank,Reactome_2022__Chromosome Maintenance R-HSA-73886,-0.3846254315554767,-0.873560226227461,0.6388308977035491,1.0,1.0,4/16,18.16%,H2AC20;RSF1;H2AC4;H2BC3
prerank,Reactome_2022__Immune System R-HSA-168256,0.2666624639438871,0.8722060329644834,0.8314176245210728,0.9963203705126682,1.0,20/126,12.28%,UBE2V1;REL;NFATC3;ASB6;TNFSF12;KPNA5;RAB24;IL10RB;MAPK10;RNASE8;RNF220;ALOX5;GUSB;CD59;PTPRJ;C5AR1;CDC26;AKT3;CD53;CCL5
prerank,Reactome_2022__Hemostasis R-HSA-109582,-0.31560141991564283,-0.8687725582882355,0.7040816326530612,1.0,1.0,8/40,18.22%,QSOX1;VCL;KIF21B;AKT1;DOCK2;ADRA2B;PIK3R5;ACTN4
prerank,GO_Molecular_Function_2021__metal ion binding (GO:0046872),0.377332768946701,0.8618228900076861,0.6744186046511628,1.0,1.0,9/18,25.76%,MELK;OPA1;PCDHB8;PLSCR3;ARSA;PITPNM1;ITPR2;NUCB1;SNN
prerank,GO_Molecular_Function_2021__sequence-specific DNA binding (GO:0043565),0.31363077079939433,0.8616042164534177,0.7292929292929293,1.0,1.0,10/42,16.74%,ATOH7;ZNF524;NFATC3;FOXD4;ZNF460;FOXC2;ZGPAT;FOXD3;USF1;MLX
prerank,GO_Biological_Process_2021__sensory perception of chemical stimulus (GO:0007606),0.3217921387444013,0.8596229568685638,0.7189292543021033,1.0,1.0,6/36,13.18%,OR5B12;OR8A1;OR5L1;C5AR1;OMP;OR9G4
prerank,KEGG_2021_Human__Shigellosis,0.3326596712861203,0.8589748251198382,0.722117202268431,0.9948335633267139,1.0,7/31,12.28%,UBE2V1;MAPK10;H3C4;H3C8;H3C1;AKT3;CCL5
prerank,Reactome_2022__Metabolism Of Proteins R-HSA-392499,-0.26341615003760466,-0.8564818311574138,0.8635437881873728,1.0,1.0,26/116,19.35%,QSOX1;H2AC20;FBXW12;PSMB8;SKP1;FOXL2;AXIN1;MRPL41;SEC24C;ADRM1;NCSTN;PTEN;ARF3;YOD1;PSMA5;H2AC4;MRPS34;SMC3;RPS7;JOSD2;H2BC3;RPL15;DERL2;VDAC2;VCPIP1;RPSA
prerank,"Reactome_2022__Cell Cycle, Mitotic R-HSA-69278",-0.3059639896626393,-0.8555083295300887,0.7561475409836066,1.0,1.0,10/44,18.16%,H2AC20;PSMB8;SKP1;CDC27;AKT1;CDK11B;PSMA5;H2AC4;SMC3;H2BC3
prerank,GO_Biological_Process_2021__positive regulation of cell migration (GO:0030335),0.39310499347611766,0.8552106213205775,0.6764091858037579,0.9958440484171694,1.0,2/15,12.28%,FAM89B;CCL5
prerank,GO_Cellular_Component_2021__endosome membrane (GO:0010008),-0.3411698450375864,-0.8489936884928482,0.7210216110019646,1.0,1.0,6/24,11.51%,CLTA;AP2A1;SNX1;ATP6AP1;NCSTN;ATP13A3
prerank,Reactome_2022__Cell Cycle R-HSA-1640170,-0.29496177745208285,-0.8466957226450958,0.7962962962962963,1.0,1.0,11/50,18.16%,H2AC20;PSMB8;SKP1;CDC27;AKT1;CDK11B;RSF1;PSMA5;H2AC4;SMC3;H2BC3
prerank,GO_Cellular_Component_2021__intracellular non-membrane-bounded organelle (GO:0043232),-0.28083757331630754,-0.8441476537429554,0.80083857442348,1.0,1.0,14/70,18.28%,TCIM;VCL;FHOD1;DBNL;CDC27;FAAP20;MOB1B;RPS18;TAOK2;SMC3;ARID5A;RPS7;RHOF;RPL15
prerank,Reactome_2022__Disease R-HSA-1643685,-0.2552948424895595,-0.8435701850388545,0.9141630901287554,1.0,1.0,20/134,14.84%,CLTA;TRIP11;H2AC20;PSMB8;SKP1;VCL;B3GAT3;AP2A1;TAF6;MAP4K2;AXIN1;CDC27;SEC24C;AKT1;NCSTN;PTEN;BRAF;DOCK2;PSMA5;H2AC4
prerank,Reactome_2022__Metabolism Of Amino Acids And Derivatives R-HSA-71291,-0.34796862769952736,-0.8418321469385757,0.7069672131147541,1.0,1.0,5/21,19.35%,PSMB8;PSMA5;RPS7;RPL15;RPSA
prerank,Reactome_2022__DNA Damage/Telomere Stress Induced Senescence R-HSA-2559586,0.3715526958187172,0.8361679639232971,0.724950884086444,1.0,1.0,2/16,4.39%,HMGA1;H2BC1
prerank,GO_Cellular_Component_2021__cytoplasmic vesicle membrane (GO:0030659),0.3439818770192049,0.8344425792926352,0.7302904564315352,1.0,1.0,7/23,20.18%,CHMP6;RAB4B;RAB24;C5AR1;MVB12A;NCF4;PI4KA
prerank,GO_Cellular_Component_2021__mitochondrial membrane (GO:0031966),-0.3440859928938546,-0.8330813329930568,0.7317073170731707,1.0,1.0,10/22,23.56%,SLC8B1;MRPL41;FZD9;COASY;MRPS34;ATP5F1A;VDAC2;MRPL38;NDUFA3;NDUFA10
prerank,GO_Biological_Process_2021__regulation of intracellular signal transduction (GO:1902531),-0.3291614084975062,-0.8316325852806679,0.7495145631067961,1.0,1.0,9/26,17.57%,TAF6;PRKAA1;AKT1;PTEN;ARAP3;RCN3;MBD3;TAOK2;RHOF
prerank,Reactome_2022__Influenza Infection R-HSA-168255,-0.35289107294075556,-0.8286454067019801,0.7292929292929293,1.0,1.0,1/17,0.30%,CLTA
prerank,GO_Biological_Process_2021__nuclear-transcribed mRNA catabolic process (GO:0000956),-0.33268966343206446,-0.8260503423505638,0.7298969072164948,1.0,1.0,6/23,19.35%,CNOT3;RBM8A;RPS18;RPS7;RPL15;RPSA
prerank,GO_Biological_Process_2021__positive regulation of DNA-binding transcription factor activity (GO:0051091),0.35908462546843023,0.820432853080475,0.7407407407407407,1.0,1.0,2/17,5.52%,UBE2V1;TRIML2
prerank,GO_Biological_Process_2021__positive regulation of programmed cell death (GO:0043068),-0.35662728876751953,-0.8181325679938775,0.7515527950310559,1.0,1.0,4/16,11.28%,FOXL2;CALHM2;FZD9;NCSTN
prerank,Reactome_2022__Organelle Biogenesis And Maintenance R-HSA-1852241,-0.3659016784156285,-0.8172547016978383,0.7377690802348337,1.0,1.0,4/15,22.02%,TRIP11;ATP5F1A;CRTC1;YWHAE
prerank,KEGG_2021_Human__Parkinson disease,-0.3560776013704591,-0.8172208287858146,0.7343096234309623,1.0,1.0,8/17,26.05%,ADRM1;PSMA5;ATP5F1A;VDAC2;NDUFA3;NDUFA10;MAPK8;PRKACG
prerank,GO_Biological_Process_2021__positive regulation of apoptotic process (GO:0043065),-0.3473996561201489,-0.8150117960562635,0.7690721649484537,1.0,1.0,4/18,11.28%,FOXL2;CALHM2;FZD9;NCSTN
prerank,KEGG_2021_Human__Chemokine signaling pathway,0.36161049748501106,0.8140480469636999,0.7380952380952381,1.0,1.0,3/16,12.28%,CXCL14;AKT3;CCL5
prerank,GO_Biological_Process_2021__cellular response to oxygen-containing compound (GO:1901701),-0.34751527414180516,-0.8126205097573899,0.7560975609756098,1.0,1.0,3/18,10.15%,FZD10;FES;AKT1
prerank,GO_Biological_Process_2021__negative regulation of cell population proliferation (GO:0008285),0.3400301567971944,0.8102575131064719,0.7442307692307693,1.0,1.0,6/21,23.98%,HMGA1;PTPRJ;AVPR2;REST;PARP10;STRN
prerank,GO_Cellular_Component_2021__lysosomal membrane (GO:0005765),-0.32840331572998105,-0.8065336084386181,0.7704590818363274,1.0,1.0,3/21,11.28%,CLTA;AP2A1;NCSTN
prerank,Reactome_2022__Innate Immune System R-HSA-168249,0.26426856373105,0.8042229416100967,0.9098039215686274,1.0,1.0,11/78,11.99%,UBE2V1;NFATC3;RAB24;MAPK10;RNASE8;ALOX5;GUSB;CD59;PTPRJ;C5AR1;CD53
prerank,Reactome_2022__Cellular Responses To Stimuli R-HSA-8953897,-0.26211941607291805,-0.803235754898804,0.9294605809128631,1.0,1.0,15/77,19.47%,H2AC20;HSF1;PSMB8;SKP1;HIRA;CDC27;PPP1R15A;AKT1;PSMA5;H2AC4;RPS7;H2BC3;RPL15;RPSA;CRTC1
prerank,Reactome_2022__Cellular Responses To Stress R-HSA-2262752,-0.26211941607291805,-0.803235754898804,0.9294605809128631,1.0,1.0,15/77,19.47%,H2AC20;HSF1;PSMB8;SKP1;HIRA;CDC27;PPP1R15A;AKT1;PSMA5;H2AC4;RPS7;H2BC3;RPL15;RPSA;CRTC1
prerank,Reactome_2022__Meiosis R-HSA-1500620,-0.36179152644419676,-0.8016318286283577,0.758,1.0,1.0,4/15,18.16%,H2AC20;H2AC4;SMC3;H2BC3
prerank,KEGG_2021_Human__C-type lectin receptor signaling pathway,0.36621405111512656,0.7989700073760987,0.7469879518072289,1.0,1.0,3/15,11.81%,NFATC3;MAPK10;AKT3
prerank,GO_Biological_Process_2021__positive regulation of intracellular signal transduction (GO:1902533),0.3236098093472121,0.7939838413060667,0.814663951120163,1.0,1.0,6/26,14.78%,UBE2V1;REL;TRIML2;PTPRJ;CCL5;MIF
prerank,KEGG_2021_Human__Ras signaling pathway,0.35324406250745183,0.7930529674473309,0.7892644135188867,1.0,1.0,3/16,11.81%,REL;MAPK10;AKT3
prerank,GO_Biological_Process_2021__protein polyubiquitination (GO:0000209),0.3132439817826742,0.7891143732707875,0.8396793587174348,1.0,1.0,4/27,5.52%,UBE2V1;RNF187;IRF2BP1;TRIML2
prerank,Reactome_2022__Neutrophil Degranulation R-HSA-6798695,-0.28946355018461234,-0.7889404157952146,0.8434959349593496,1.0,1.0,10/41,20.71%,QSOX1;VCL;DBNL;NCSTN;DOCK2;PSMA5;MGAM;RHOF;KCMF1;VAPA
prerank,GO_Molecular_Function_2021__small GTPase binding (GO:0031267),-0.3543826628654998,-0.7872947838161973,0.7854251012145749,1.0,1.0,3/15,11.93%,TRIP11;ATP6AP1;BRAF
prerank,GO_Molecular_Function_2021__GTPase binding (GO:0051020),-0.3543826628654998,-0.7872947838161973,0.7854251012145749,1.0,1.0,3/15,11.93%,TRIP11;ATP6AP1;BRAF
prerank,Reactome_2022__HDACs Deacetylate Histones R-HSA-3214815,0.3356285248732288,0.7854244072959412,0.8189134808853119,1.0,1.0,5/20,20.53%,H2BC18;H2BC1;GPS2;H3C13;REST
prerank,"Reactome_2022__Platelet Activation, Signaling And Aggregation R-HSA-76002",-0.34058913069233293,-0.784624722836423,0.7877551020408163,1.0,1.0,6/17,18.22%,QSOX1;VCL;AKT1;ADRA2B;PIK3R5;ACTN4
prerank,Reactome_2022__Signaling By Rho GTPases R-HSA-194315,0.27516338109420035,0.7835093732270725,0.9043824701195219,1.0,1.0,6/51,9.20%,ARFGAP2;GNA13;SENP1;H2BC1;DVL3;ARHGAP5
prerank,"Reactome_2022__Signaling By Rho GTPases, Miro GTPases And RHOBTB3 R-HSA-9716542",0.2739864564034965,0.7815426759667952,0.8942115768463074,1.0,1.0,6/52,9.20%,ARFGAP2;GNA13;SENP1;H2BC1;DVL3;ARHGAP5
prerank,KEGG_2021_Human__Oocyte meiosis,-0.33821991358254233,-0.779125271703324,0.8113590263691683,1.0,1.0,8/17,27.18%,SKP1;CDC27;SMC3;PPP3R2;YWHAE;PPP2R5C;PRKACG;MOS
prerank,GO_Biological_Process_2021__positive regulation of MAPK cascade (GO:0043410),0.33454011628177416,0.7773535921188204,0.8047808764940239,1.0,1.0,5/18,14.78%,PTPRJ;C5AR1;CCL5;EZH2;MIF
prerank,Reactome_2022__Metabolism R-HSA-1430728,-0.2407931136349372,-0.7754002743972096,0.979296066252588,1.0,1.0,21/103,19.35%,PSMB8;B3GAT3;FUT4;MAP4K2;SEC24C;CERS2;COASY;UPP1;AKT1;PTEN;ARF3;MED25;PSMA5;PHKG2;ATP5F1A;RPS7;PIK3R5;GPAT4;RPL15;VDAC2;RPSA
prerank,Reactome_2022__RHO GTPase Cycle R-HSA-9012999,0.30290018649041517,0.7751445724926264,0.8647540983606558,1.0,1.0,4/28,9.20%,ARFGAP2;GNA13;SENP1;ARHGAP5
prerank,GO_Biological_Process_2021__peptidyl-serine phosphorylation (GO:0018105),0.3417257831671332,0.7743998240746672,0.7848605577689243,1.0,1.0,1/17,0.18%,MAST3
prerank,Reactome_2022__Mitotic Metaphase And Anaphase R-HSA-2555396,0.3400471841039393,0.772722839485307,0.7865612648221344,1.0,1.0,3/18,10.80%,CHMP6;PDS5A;CDC26
prerank,Reactome_2022__Mitotic Anaphase R-HSA-68882,0.3400471841039393,0.772722839485307,0.7865612648221344,1.0,1.0,3/18,10.80%,CHMP6;PDS5A;CDC26
prerank,Reactome_2022__Metabolism Of RNA R-HSA-8953854,-0.2735911274503361,-0.7681257832761591,0.9063136456211812,1.0,1.0,8/42,19.35%,CNOT3;PSMB8;AKT1;RBM8A;PSMA5;RPS7;RPL15;RPSA
prerank,Reactome_2022__Metabolism Of Lipids R-HSA-556833,0.28737478864198773,0.7658826694073047,0.8944337811900192,1.0,1.0,12/38,23.74%,KRTAP11-1;PIP4P1;ALOX5;CHD9;GPS2;ARSA;INPPL1;PI4KA;PITPNM1;ABCD1;CERS1;HEXA
prerank,GO_Cellular_Component_2021__intracellular organelle lumen (GO:0070013),-0.2792531609446721,-0.7644935268719019,0.8949579831932774,1.0,1.0,5/36,9.38%,QSOX1;VCL;DBNL;GPI;COASY
prerank,GO_Biological_Process_2021__ubiquitin-dependent protein catabolic process (GO:0006511),0.30879937887294034,0.7644540346542074,0.8275193798449613,1.0,1.0,11/27,21.25%,RNF187;RNF40;CDC26;FAF1;MVB12A;ANAPC15;KLHL15;MIB1;ARIH1;ANKIB1;ANAPC11
prerank,Reactome_2022__SARS-CoV-2-host Interactions R-HSA-9705683,0.3085939638887197,0.7629848867252773,0.863013698630137,1.0,1.0,4/24,17.92%,UBE2V1;AKT3;RPS10;MAP1LC3B
prerank,Reactome_2022__Separation Of Sister Chromatids R-HSA-2467813,-0.3394234686232143,-0.7617649090885454,0.8222222222222222,1.0,1.0,4/15,17.09%,PSMB8;CDC27;PSMA5;SMC3
prerank,GO_Biological_Process_2021__neutrophil activation involved in immune response (GO:0002283),-0.2736423455879997,-0.7598908927407745,0.9198396793587175,1.0,1.0,9/45,17.57%,QSOX1;VCL;DBNL;GPI;NCSTN;DOCK2;PSMA5;MGAM;RHOF
prerank,GO_Biological_Process_2021__neutrophil mediated immunity (GO:0002446),-0.2736423455879997,-0.7598908927407745,0.9198396793587175,1.0,1.0,9/45,17.57%,QSOX1;VCL;DBNL;GPI;NCSTN;DOCK2;PSMA5;MGAM;RHOF
prerank,GO_Biological_Process_2021__neutrophil degranulation (GO:0043312),-0.2736423455879997,-0.7598908927407745,0.9198396793587175,1.0,1.0,9/45,17.57%,QSOX1;VCL;DBNL;GPI;NCSTN;DOCK2;PSMA5;MGAM;RHOF
prerank,GO_Biological_Process_2021__cellular macromolecule biosynthetic process (GO:0034645),0.30134641457388534,0.7582129070419684,0.8667953667953668,1.0,1.0,9/26,24.69%,PTMS;MRPL28;RPS10;NFKBIB;CLSPN;POLR2E;RPS14;MRPS12;XAB2
prerank,KEGG_2021_Human__Tuberculosis,0.3147245754518423,0.757781329463539,0.8399209486166008,1.0,1.0,3/20,11.81%,IL10RB;MAPK10;AKT3
prerank,Reactome_2022__Interferon Signaling R-HSA-913531,-0.3312476349843761,-0.7567129398102656,0.8336673346693386,1.0,1.0,1/15,2.43%,PSMB8
prerank,GO_Biological_Process_2021__nervous system development (GO:0007399),-0.29918348912253995,-0.7560395610974711,0.8806584362139918,1.0,1.0,4/23,12.52%,DBNL;FZD9;PTEN;BTBD2
prerank,GO_Molecular_Function_2021__olfactory receptor activity (GO:0004984),-0.23863072134563107,-0.7502756819036783,0.9915074309978769,1.0,1.0,20/93,22.26%,OR6S1;OR5M10;OR6V1;OR5AU1;OR10A4;OR5K2;OR5B17;OR14A16;OR5B21;OR1L1;OR10G9;OR5H15;OR51Q1;OR1E2;OR10Q1;OR5F1;OR5AP2;OR14C36;OR10G8;OR10J3
prerank,Reactome_2022__DNA Repair R-HSA-73894,0.2914225260120317,0.7469546583588577,0.8752475247524752,1.0,1.0,9/28,24.69%,MCRS1;H2BC1;COPS6;ERCC6;INO80D;CLSPN;POLR2E;FANCL;XAB2
prerank,GO_Biological_Process_2021__peptidyl-serine modification (GO:0018209),0.3254565063604134,0.7462264825088656,0.8303393213572854,1.0,1.0,1/18,0.18%,MAST3
prerank,Reactome_2022__PIP3 Activates AKT Signaling R-HSA-1257604,-0.3083805660917789,-0.7446393764563968,0.8773784355179705,1.0,1.0,4/21,14.72%,PSMB8;AKT1;PTEN;PSMA5
prerank,KEGG_2021_Human__Systemic lupus erythematosus,-0.26803498050467317,-0.7444152167202249,0.9439655172413793,1.0,1.0,10/43,19.58%,H2AC20;H3C3;H2AC16;H2AC8;H2AC4;H2BC7;H4C14;H2BC3;ACTN4;H2AC17
prerank,KEGG_2021_Human__Hepatitis B,0.32292141946782343,0.7397166497587442,0.8635437881873728,1.0,1.0,3/18,11.81%,NFATC3;MAPK10;AKT3
prerank,GO_Biological_Process_2021__protein modification by small protein removal (GO:0070646),0.3056161730204558,0.7387501865351728,0.8872180451127819,1.0,1.0,7/22,19.64%,MCRS1;SENP1;USP19;COPS6;OTUD5;INO80D;CLSPN
prerank,Reactome_2022__Programmed Cell Death R-HSA-5357801,-0.3053609905758313,-0.7361279066688942,0.8836206896551724,1.0,1.0,4/20,14.72%,PSMB8;DBNL;AKT1;PSMA5
prerank,GO_Biological_Process_2021__apoptotic process (GO:0006915),-0.3040542556503614,-0.7318756062216416,0.8921775898520085,1.0,1.0,6/20,17.03%,ADAM15;PPP1R15A;AKT1;CDK11B;TAOK2;BRAT1
prerank,Reactome_2022__Keratinization R-HSA-6805567,-0.24398404755663902,-0.7292779993646207,0.974155069582505,1.0,1.0,7/67,15.25%,KRTAP2-3;KRTAP19-3;KRTAP10-1;KRTAP10-2;KRTAP4-4;KRTAP1-5;KRTAP10-3
prerank,KEGG_2021_Human__Epstein-Barr virus infection,-0.3117170020152075,-0.7278284333044195,0.8765182186234818,1.0,1.0,3/18,10.62%,ADRM1;AKT1;MAP3K14
prerank,KEGG_2021_Human__Alcoholism,-0.253474663852475,-0.7165207174906086,0.9755011135857461,1.0,1.0,10/52,19.58%,H2AC20;H3C3;H2AC16;BRAF;H2AC8;H2AC4;H2BC7;H4C14;H2BC3;H2AC17
prerank,GO_Molecular_Function_2021__tubulin binding (GO:0015631),0.3072563893664765,0.7144002892716204,0.8890977443609023,1.0,1.0,4/18,17.92%,OPA1;NDRG1;TRAPPC14;MAP1LC3B
prerank,KEGG_2021_Human__Neutrophil extracellular trap formation,0.2543789261593749,0.7134458661279323,0.9744094488188977,1.0,1.0,8/50,13.23%,H2BC18;H2BC1;H3C4;H3C8;C5AR1;H3C1;AKT3;H4C8
prerank,KEGG_2021_Human__Coronavirus disease,0.28076760890625646,0.7109299948608149,0.918,1.0,1.0,4/26,18.87%,MAPK10;C5AR1;RPS10;NFKBIB
prerank,KEGG_2021_Human__Diabetic cardiomyopathy,-0.300500631126402,-0.7098274286319732,0.9110169491525424,1.0,1.0,9/19,25.99%,MPC1L;AKT1;PTEN;ATP5F1A;VDAC2;NDUFA3;NDUFA10;PRKCD;MAPK8
prerank,Reactome_2022__ESR-mediated Signaling R-HSA-8939211,-0.27283075615514774,-0.7092910082335073,0.9598393574297188,1.0,1.0,6/28,18.16%,H2AC20;AXIN1;AKT1;H2AC4;SMC3;H2BC3
prerank,Reactome_2022__M Phase R-HSA-68886,0.2677203847874206,0.7074137300323814,0.9500959692898272,1.0,1.0,3/35,4.69%,CHMP6;H2BC1;PDS5A
prerank,Reactome_2022__Intracellular Signaling By Second Messengers R-HSA-9006925,-0.2826940144733161,-0.7018574969342873,0.9573560767590619,1.0,1.0,4/24,14.72%,PSMB8;AKT1;PTEN;PSMA5
prerank,KEGG_2021_Human__Tight junction,0.3061479809249821,0.6967459573495964,0.9013806706114399,1.0,1.0,2/17,12.94%,MAPK10;CLDN9
prerank,Reactome_2022__Estrogen-dependent Gene Expression R-HSA-9018519,-0.2791106408555812,-0.6935323397826308,0.9398797595190381,1.0,1.0,5/23,18.16%,H2AC20;AXIN1;H2AC4;SMC3;H2BC3
prerank,Reactome_2022__Signaling By Nuclear Receptors R-HSA-9006931,0.26287793989695063,0.6888103582343035,0.9555125725338491,1.0,1.0,11/31,24.51%,H2BC1;TNRC6B;GPS2;AKT3;USF1;H3C13;GTF2A1;POLR2E;PDHA2;STRN;H3C7
prerank,KEGG_2021_Human__Human immunodeficiency virus 1 infection,0.29348659810663874,0.6874566836400049,0.9289827255278311,1.0,1.0,3/20,11.81%,NFATC3;MAPK10;AKT3
prerank,Reactome_2022__RHO GTPases Activate PKNs R-HSA-5625740,-0.30051104798178496,-0.679908950238649,0.9393939393939394,1.0,1.0,4/16,22.02%,H2AC20;H2AC4;H2BC3;YWHAE
prerank,KEGG_2021_Human__Human T-cell leukemia virus 1 infection,0.2763535896884181,0.6773581710810438,0.928709055876686,1.0,1.0,6/23,16.14%,NFATC3;MAPK10;CDC26;GPS2;AKT3;ZFP36
prerank,GO_Molecular_Function_2021__protein heterodimerization activity (GO:0046982),0.3030816632325268,0.6743484219045063,0.928030303030303,1.0,1.0,5/18,16.91%,PEF1;GPHA2;USF1;MLX;GTF2A1
prerank,Reactome_2022__Mitotic Prophase R-HSA-68875,-0.28583710954827357,-0.6702510953066956,0.957983193277311,1.0,1.0,3/19,18.16%,H2AC20;H2AC4;H2BC3
prerank,KEGG_2021_Human__Necroptosis,0.2618109215553767,0.6652262202714659,0.967741935483871,1.0,1.0,3/28,12.05%,CHMP6;MAPK10;FAF1
prerank,KEGG_2021_Human__Glucagon signaling pathway,-0.2884346338015617,-0.6619381949040067,0.9409448818897638,1.0,1.0,4/17,19.41%,PRKAA1;AKT1;PHKG2;PPP3R2
prerank,Reactome_2022__Transcriptional Regulation By Small RNAs R-HSA-5578749,-0.29757119806208493,-0.6567468952528716,0.9285714285714286,1.0,1.0,3/15,18.16%,H2AC20;H2AC4;H2BC3
prerank,Reactome_2022__Senescence-Associated Secretory Phenotype (SASP) R-HSA-2559582,-0.28347408069801666,-0.6491680712789648,0.9567779960707269,1.0,1.0,4/18,18.16%,H2AC20;CDC27;H2AC4;H2BC3
prerank,KEGG_2021_Human__Prion disease,-0.2722527769704932,-0.6452474766237012,0.9588744588744589,1.0,1.0,10/20,26.05%,ADRM1;PSMA5;ATP5F1A;VDAC2;PPP3R2;NDUFA3;NDUFA10;PRKCD;MAPK8;PRKACG
prerank,GO_Cellular_Component_2021__azurophil granule (GO:0042582),0.2905717340182843,0.638891530948684,0.9596928982725528,1.0,1.0,5/15,26.41%,GUSB;ARSA;HEXA;RAB5C;DYNC1H1
prerank,Reactome_2022__Reproduction R-HSA-1474165,-0.278725942616367,-0.6342149191049532,0.970703125,1.0,1.0,4/16,18.16%,H2AC20;H2AC4;SMC3;H2BC3
prerank,GO_Cellular_Component_2021__cullin-RING ubiquitin ligase complex (GO:0031461),-0.28368515435229547,-0.6336616849390408,0.9679358717434869,1.0,1.0,4/15,16.32%,SKP1;CDC27;FBH1;DMAC2
prerank,Reactome_2022__G Alpha (I) Signaling Events R-HSA-418594,-0.26533945476472437,-0.632377603587434,0.975609756097561,1.0,1.0,3/20,15.49%,RGS3;ADRA2B;PDE4D
prerank,GO_Cellular_Component_2021__organelle inner membrane (GO:0019866),-0.28168164963191056,-0.6293097255937442,0.9647749510763209,1.0,1.0,7/15,23.56%,SLC8B1;MRPL41;MRPS34;ATP5F1A;MRPL38;NDUFA3;NDUFA10
prerank,Reactome_2022__Cell Cycle Checkpoints R-HSA-69620,-0.25040227098375,-0.6183572954184466,0.9957537154989384,1.0,1.0,4/24,18.16%,PSMB8;CDC27;PSMA5;H2BC3
prerank,Reactome_2022__Pre-NOTCH Expression And Processing R-HSA-1912422,0.26492772839146017,0.5997427420500494,0.9876796714579056,1.0,1.0,3/17,16.50%,H2BC1;TNRC6B;H3C13
prerank,GO_Biological_Process_2021__gene expression (GO:0010467),-0.22437665688448416,-0.5996649039103438,0.994059405940594,1.0,1.0,6/33,19.35%,MRPL41;RBM8A;RPS18;RPS7;RPL15;RPSA
prerank,Reactome_2022__Pre-NOTCH Transcription And Translation R-HSA-1912408,0.27191230470357347,0.5994168290217807,0.9714285714285714,1.0,1.0,3/15,16.50%,H2BC1;TNRC6B;H3C13
prerank,GO_Biological_Process_2021__supramolecular fiber organization (GO:0097435),0.2479264257318245,0.5974318317476989,0.9806201550387597,1.0,1.0,5/22,26.41%,H3C1;H3C13;INPPL1;CDC42EP2;DYNC1H1
prerank,Reactome_2022__Epigenetic Regulation Of Gene Expression R-HSA-212165,0.2587627810469331,0.5938852085423568,0.9840637450199203,1.0,1.0,6/17,24.51%,H2BC1;EZH2;ERCC6;H3C13;POLR2E;H3C7
prerank,KEGG_2021_Human__Hepatitis C,-0.23964473850588108,-0.5881293357567107,0.991701244813278,1.0,1.0,2/23,11.93%,AKT1;BRAF
prerank,GO_Biological_Process_2021__cotranslational protein targeting to membrane (GO:0006613),-0.26104947840161297,-0.5853443263957426,0.9857723577235772,1.0,1.0,4/15,19.35%,RPS18;RPS7;RPL15;RPSA
prerank,Reactome_2022__Gene Silencing By RNA R-HSA-211000,0.25316247517635565,0.5790850486625344,0.9821428571428571,0.9980310322776076,1.0,5/17,24.51%,H2BC1;TNRC6B;H3C13;POLR2E;H3C7
prerank,Reactome_2022__Activation Of HOX Genes During Differentiation R-HSA-5619507,-0.25242610585960146,-0.561857299528468,0.9899193548387096,1.0,1.0,3/15,18.16%,H2AC20;H2AC4;H2BC3
prerank,KEGG_2021_Human__Ribosome,-0.23541657745295563,-0.5425308332425397,0.9899193548387096,1.0,1.0,4/17,19.35%,RPS18;RPS7;RPL15;RPSA
prerank,Reactome_2022__Diseases Of Programmed Cell Death R-HSA-9645723,-0.2418376828310169,-0.5380782622202589,0.9938398357289527,1.0,1.0,1/15,1.90%,H2AC20
prerank,Reactome_2022__RHO GTPase Effectors R-HSA-195258,0.2098920008724255,0.5287611310479581,0.998046875,0.9965902712257109,1.0,4/27,19.94%,H2BC1;DVL3;H3C13;NCF4
prerank,Reactome_2022__Influenza Viral RNA Transcription And Replication R-HSA-168273,-0.213587928694692,-0.48648138274623975,1.0,0.9985885673959068,1.0,3/15,19.35%,RPS7;RPL15;RPSA
